reference,position,phrase,word_lengths,total_letters,final_form_count,standard_value,standard_base12,standard_base12_palindrome,standard_visible_square_root,mispar_gadol_value,mispar_gadol_base12,mispar_gadol_base12_palindrome,mispar_visible_square_root
Ps.1.1,1,אשרי האיש,4-4,8,0,827,58B,no,,827,58B,no,
Ps.1.1,2,האיש אשר,4-3,7,0,817,581,no,,817,581,no,
Ps.1.1,3,אשר לא,3-2,5,0,532,384,no,,532,384,no,
Ps.1.1,4,לא הלך,2-3,5,1,86,72,no,,566,3B2,no,
Ps.1.1,5,הלך בעצת,3-4,7,1,617,435,no,,1097,775,no,
Ps.1.1,6,בעצת רשעים,4-5,9,1,1182,826,no,,1742,1012,no,
Ps.1.1,7,רשעים ובדרך,5-5,10,2,852,5B0,no,,1892,1118,no,
Ps.1.1,8,ובדרך חטאים,5-5,10,2,300,210,no,,1340,938,no,
Ps.1.1,9,חטאים לא,5-2,7,1,99,83,no,,659,46B,no,
Ps.1.1,10,לא עמד,2-3,5,0,145,101,yes,,145,101,yes,
Ps.1.1,11,עמד ובמושב,3-6,9,0,470,332,no,,470,332,no,
Ps.1.1,12,ובמושב לצים,6-4,10,1,526,37A,no,,1086,766,no,
Ps.1.1,13,לצים לא,4-2,6,1,201,149,no,,761,535,yes,
Ps.1.1,14,לא ישב,2-3,5,0,343,247,no,,343,247,no,
Ps.2.1,1,למה רגשו,3-4,7,0,584,408,no,,584,408,no,
Ps.2.1,2,רגשו גוים,4-4,8,1,568,3B4,no,,1128,7A0,no,
Ps.2.1,3,גוים ולאמים,4-6,10,2,186,136,no,,1306,90A,no,
Ps.2.1,4,ולאמים יהגו,6-4,10,1,151,107,no,,711,4B3,no,
Ps.2.1,5,יהגו ריק,4-3,7,0,334,23A,no,,334,23A,no,
Ps.3.1,1,מזמור לדוד,5-4,9,0,337,241,no,,337,241,no,
Ps.3.1,2,לדוד בברחו,4-5,9,0,262,19A,no,,262,19A,no,
Ps.3.1,3,בברחו מפני,5-4,9,0,398,292,yes,,398,292,yes,
Ps.3.1,4,מפני אבשלום,4-6,10,1,559,3A7,no,,1119,793,no,
Ps.3.1,5,אבשלום בנו,6-3,9,1,437,305,no,,997,6B1,no,
Ps.4.1,1,למנצח בנגינות,5-7,12,0,739,517,no,,739,517,no,
Ps.4.1,2,בנגינות מזמור,7-5,12,0,814,57A,no,,814,57A,no,
Ps.4.1,3,מזמור לדוד,5-4,9,0,337,241,no,,337,241,no,
Ps.5.1,1,למנצח אל,5-2,7,0,249,189,no,,249,189,no,
Ps.5.1,2,אל הנחילות,2-7,9,0,540,390,no,,540,390,no,
Ps.5.1,3,הנחילות מזמור,7-5,12,0,802,56A,no,,802,56A,no,
Ps.5.1,4,מזמור לדוד,5-4,9,0,337,241,no,,337,241,no,
Ps.6.1,1,למנצח בנגינות,5-7,12,0,739,517,no,,739,517,no,
Ps.6.1,2,בנגינות על,7-2,9,0,621,439,no,,621,439,no,
Ps.6.1,3,על השמינית,2-7,9,0,915,643,no,,915,643,no,
Ps.6.1,4,השמינית מזמור,7-5,12,0,1108,784,no,28,1108,784,no,28
Ps.6.1,5,מזמור לדוד,5-4,9,0,337,241,no,,337,241,no,
Ps.7.1,1,שגיון לדוד,5-4,9,1,413,2A5,no,,1063,747,yes,
Ps.7.1,2,לדוד אשר,4-3,7,0,545,395,no,,545,395,no,
Ps.7.1,3,אשר שר,3-2,5,0,1001,6B5,no,,1001,6B5,no,
Ps.7.1,4,שר ליהוה,2-5,7,0,556,3A4,no,,556,3A4,no,
Ps.7.1,5,ליהוה על,5-2,7,0,156,110,no,,156,110,no,
Ps.7.1,6,על דברי,2-4,6,0,316,224,no,,316,224,no,
Ps.7.1,7,דברי כוש,4-3,7,0,542,392,no,,542,392,no,
Ps.7.1,8,כוש בן,3-2,5,1,378,276,no,,1028,718,no,
Ps.7.1,9,בן ימיני,2-5,7,1,172,124,no,,822,586,no,
Ps.8.1,1,למנצח על,5-2,7,0,318,226,no,,318,226,no,
Ps.8.1,2,על הגתית,2-5,7,0,918,646,yes,,918,646,yes,
Ps.8.1,3,הגתית מזמור,5-5,10,0,1111,787,yes,,1111,787,yes,
Ps.8.1,4,מזמור לדוד,5-4,9,0,337,241,no,,337,241,no,
Ps.9.1,1,למנצח עלמות,5-5,10,0,764,538,no,,764,538,no,
Ps.9.1,2,עלמות לבן,5-3,8,1,628,444,yes,,1278,8A6,no,
Ps.9.1,3,לבן מזמור,3-5,8,1,375,273,no,,1025,715,no,
Ps.9.1,4,מזמור לדוד,5-4,9,0,337,241,no,,337,241,no,
Ps.10.1,1,למה יהוה,3-4,7,0,101,85,no,,101,85,no,
Ps.10.1,2,יהוה תעמד,4-4,8,0,540,390,no,,540,390,no,
Ps.10.1,3,תעמד ברחוק,4-5,9,0,830,592,no,,830,592,no,
Ps.10.1,4,ברחוק תעלים,5-5,10,1,866,602,no,,1426,9AA,no,
Ps.10.1,5,תעלים לעתות,5-5,10,1,1456,A14,no,,2016,1200,no,
Ps.10.1,6,לעתות בצרה,5-4,9,0,1203,843,no,,1203,843,no,
Ps.11.1,1,למנצח לדוד,5-4,9,0,262,19A,no,,262,19A,no,
Ps.11.1,2,לדוד ביהוה,4-5,9,0,72,60,no,,72,60,no,
Ps.11.1,3,ביהוה חסיתי,5-5,10,0,516,370,no,,516,370,no,
Ps.11.1,4,חסיתי איך,5-3,8,1,519,373,yes,,999,6B3,no,
Ps.11.1,5,איך תאמרו,3-5,8,1,678,486,no,,1158,806,no,
Ps.11.1,6,תאמרו לנפשי,5-5,10,0,1117,791,no,,1117,791,no,
Ps.11.1,7,לנפשי נודו,5-4,9,0,536,388,no,,536,388,no,
Ps.11.1,8,נודו הרכם,4-4,8,1,331,237,no,,891,623,no,
Ps.11.1,9,הרכם צפור,4-4,8,1,641,455,no,,1201,841,no,29
Ps.12.1,1,למנצח על,5-2,7,0,318,226,no,,318,226,no,
Ps.12.1,2,על השמינית,2-7,9,0,915,643,no,,915,643,no,
Ps.12.1,3,השמינית מזמור,7-5,12,0,1108,784,no,28,1108,784,no,28
Ps.12.1,4,מזמור לדוד,5-4,9,0,337,241,no,,337,241,no,
Ps.13.1,1,למנצח מזמור,5-5,10,0,511,367,no,,511,367,no,
Ps.13.1,2,מזמור לדוד,5-4,9,0,337,241,no,,337,241,no,
Ps.14.1,1,למנצח לדוד,5-4,9,0,262,19A,no,,262,19A,no,
Ps.14.1,2,לדוד אמר,4-3,7,0,285,1B9,no,,285,1B9,no,
Ps.14.1,3,אמר נבל,3-3,6,0,323,22B,no,,323,22B,no,
Ps.14.1,4,נבל בלבו,3-4,7,0,122,A2,no,,122,A2,no,
Ps.14.1,5,בלבו אין,4-3,7,1,101,85,no,,751,527,no,
Ps.14.1,6,אין אלהים,3-5,8,2,147,103,no,,1357,951,no,
Ps.14.1,7,אלהים השחיתו,5-6,11,1,815,57B,no,,1375,967,no,
Ps.14.1,8,השחיתו התעיבו,6-6,12,0,1222,85A,no,,1222,85A,no,
Ps.14.1,9,התעיבו עלילה,6-5,11,0,638,452,no,,638,452,no,
Ps.14.1,10,עלילה אין,5-3,8,1,206,152,no,,856,5B4,no,
Ps.14.1,11,אין עשה,3-3,6,1,436,304,no,,1086,766,no,
Ps.14.1,12,עשה טוב,3-3,6,0,392,288,no,,392,288,no,
Ps.15.1,1,מזמור לדוד,5-4,9,0,337,241,no,,337,241,no,
Ps.15.1,2,לדוד יהוה,4-4,8,0,70,5A,no,,70,5A,no,
Ps.15.1,3,יהוה מי,4-2,6,0,76,64,no,8,76,64,no,8
Ps.15.1,4,מי יגור,2-4,6,0,269,1A5,no,,269,1A5,no,
Ps.15.1,5,יגור באהלך,4-5,9,1,277,1B1,yes,,757,531,no,
Ps.15.1,6,באהלך מי,5-2,7,1,108,90,no,,588,410,no,
Ps.15.1,7,מי ישכן,2-4,6,1,430,2BA,no,,1080,760,no,
Ps.15.1,8,ישכן בהר,4-3,7,1,587,40B,no,,1237,871,no,
Ps.15.1,9,בהר קדשך,3-4,7,1,631,447,no,,1111,787,yes,
Ps.16.1,1,מכתם לדוד,4-4,8,1,544,394,no,,1104,780,no,
Ps.16.1,2,לדוד שמרני,4-5,9,0,644,458,no,,644,458,no,
Ps.16.1,3,שמרני אל,5-2,7,0,631,447,no,,631,447,no,
Ps.16.1,4,אל כי,2-2,4,0,61,51,no,,61,51,no,
Ps.16.1,5,כי חסיתי,2-5,7,0,518,372,no,,518,372,no,
Ps.16.1,6,חסיתי בך,5-2,7,1,510,366,no,,990,6A6,yes,
Ps.17.1,1,תפלה לדוד,4-4,8,0,559,3A7,no,,559,3A7,no,
Ps.17.1,2,לדוד שמעה,4-4,8,0,459,323,yes,,459,323,yes,
Ps.17.1,3,שמעה יהוה,4-4,8,0,441,309,no,,441,309,no,
Ps.17.1,4,יהוה צדק,4-3,7,0,220,164,no,,220,164,no,
Ps.17.1,5,צדק הקשיבה,3-6,9,0,616,434,yes,,616,434,yes,
Ps.17.1,6,הקשיבה רנתי,6-4,10,0,1082,762,no,,1082,762,no,
Ps.17.1,7,רנתי האזינה,4-6,10,0,738,516,no,,738,516,no,
Ps.17.1,8,האזינה תפלתי,6-5,11,0,998,6B2,no,,998,6B2,no,
Ps.17.1,9,תפלתי בלא,5-3,8,0,953,675,no,,953,675,no,
Ps.17.1,10,בלא שפתי,3-4,7,0,823,587,no,,823,587,no,
Ps.17.1,11,שפתי מרמה,4-4,8,0,1075,757,yes,,1075,757,yes,
Ps.18.1,1,למנצח לעבד,5-4,9,0,324,230,no,,324,230,no,
Ps.18.1,2,לעבד יהוה,4-4,8,0,132,B0,no,,132,B0,no,
Ps.18.1,3,יהוה לדוד,4-4,8,0,70,5A,no,,70,5A,no,
Ps.18.1,4,לדוד אשר,4-3,7,0,545,395,no,,545,395,no,
Ps.18.1,5,אשר דבר,3-3,6,0,707,4AB,no,,707,4AB,no,
Ps.18.1,6,דבר ליהוה,3-5,8,0,262,19A,no,,262,19A,no,
Ps.18.1,7,ליהוה את,5-2,7,0,457,321,no,,457,321,no,
Ps.18.1,8,את דברי,2-4,6,0,617,435,no,,617,435,no,
Ps.18.1,9,דברי השירה,4-5,9,0,736,514,no,,736,514,no,
Ps.18.1,10,השירה הזאת,5-4,9,0,933,659,no,,933,659,no,
Ps.18.1,11,הזאת ביום,4-4,8,1,471,333,yes,,1031,71B,no,
Ps.18.1,12,ביום הציל,4-4,8,1,193,141,yes,,753,529,no,23
Ps.18.1,13,הציל יהוה,4-4,8,0,161,115,no,,161,115,no,
Ps.18.1,14,יהוה אותו,4-4,8,0,439,307,no,,439,307,no,
Ps.18.1,15,אותו מכף,4-3,7,1,553,3A1,no,,1273,8A1,no,
Ps.18.1,16,מכף כל,3-2,5,1,190,13A,no,,910,63A,no,
Ps.18.1,17,כל איביו,2-5,7,0,79,67,no,,79,67,no,
Ps.18.1,18,איביו ומיד,5-4,9,0,89,75,no,,89,75,no,
Ps.18.1,19,ומיד שאול,4-4,8,0,397,291,no,,397,291,no,
Ps.19.1,1,למנצח מזמור,5-5,10,0,511,367,no,,511,367,no,
Ps.19.1,2,מזמור לדוד,5-4,9,0,337,241,no,,337,241,no,
Ps.20.1,1,למנצח מזמור,5-5,10,0,511,367,no,,511,367,no,
Ps.20.1,2,מזמור לדוד,5-4,9,0,337,241,no,,337,241,no,
Ps.21.1,1,למנצח מזמור,5-5,10,0,511,367,no,,511,367,no,
Ps.21.1,2,מזמור לדוד,5-4,9,0,337,241,no,,337,241,no,
Ps.22.1,1,למנצח על,5-2,7,0,318,226,no,,318,226,no,
Ps.22.1,2,על אילת,2-4,6,0,541,391,no,,541,391,no,
Ps.22.1,3,אילת השחר,4-4,8,0,954,676,yes,26,954,676,yes,26
Ps.22.1,4,השחר מזמור,4-5,9,0,806,572,no,,806,572,no,
Ps.22.1,5,מזמור לדוד,5-4,9,0,337,241,no,,337,241,no,
Ps.23.1,1,מזמור לדוד,5-4,9,0,337,241,no,,337,241,no,
Ps.23.1,2,לדוד יהוה,4-4,8,0,70,5A,no,,70,5A,no,
Ps.23.1,3,יהוה רעי,4-3,7,0,306,216,no,,306,216,no,
Ps.23.1,4,רעי לא,3-2,5,0,311,21B,no,,311,21B,no,
Ps.23.1,5,לא אחסר,2-4,6,0,300,210,no,,300,210,no,
Ps.24.1,1,לדוד מזמור,4-5,9,0,337,241,no,,337,241,no,
Ps.24.1,2,מזמור ליהוה,5-5,10,0,349,251,no,,349,251,no,
Ps.24.1,3,ליהוה הארץ,5-4,9,1,352,254,no,,1162,80A,no,
Ps.24.1,4,הארץ ומלואה,4-6,10,1,384,280,no,,1194,836,no,
Ps.24.1,5,ומלואה תבל,6-3,9,0,520,374,no,,520,374,no,
Ps.24.1,6,תבל וישבי,3-5,8,0,760,534,no,,760,534,no,
Ps.24.1,7,וישבי בה,5-2,7,0,335,23B,no,,335,23B,no,
Ps.25.1,1,לדוד אליך,4-4,8,1,105,89,no,,585,409,no,
Ps.25.1,2,אליך יהוה,4-4,8,1,87,73,no,,567,3B3,yes,
Ps.25.1,3,יהוה נפשי,4-4,8,0,466,32A,no,,466,32A,no,
Ps.25.1,4,נפשי אשא,4-3,7,0,742,51A,no,,742,51A,no,
Ps.26.1,1,לדוד שפטני,4-5,9,0,493,351,no,,493,351,no,
Ps.26.1,2,שפטני יהוה,5-4,9,0,475,337,no,,475,337,no,
Ps.26.1,3,יהוה כי,4-2,6,0,56,48,no,,56,48,no,
Ps.26.1,4,כי אני,2-3,5,0,91,77,yes,,91,77,yes,
Ps.26.1,5,אני בתמי,3-4,7,0,513,369,no,,513,369,no,
Ps.26.1,6,בתמי הלכתי,4-5,9,0,917,645,no,,917,645,no,
Ps.26.1,7,הלכתי וביהוה,5-6,11,0,499,357,no,,499,357,no,
Ps.26.1,8,וביהוה בטחתי,6-5,11,0,463,327,no,,463,327,no,
Ps.26.1,9,בטחתי לא,5-2,7,0,460,324,no,18,460,324,no,18
Ps.26.1,10,לא אמעד,2-4,6,0,146,102,no,,146,102,no,
Ps.27.1,1,לדוד יהוה,4-4,8,0,70,5A,no,,70,5A,no,
Ps.27.1,2,יהוה אורי,4-4,8,0,243,183,no,,243,183,no,
Ps.27.1,3,אורי וישעי,4-5,9,0,613,431,no,,613,431,no,
Ps.27.1,4,וישעי ממי,5-3,8,0,486,346,no,,486,346,no,
Ps.27.1,5,ממי אירא,3-4,7,0,302,212,yes,,302,212,yes,
Ps.27.1,6,אירא יהוה,4-4,8,0,238,17A,no,,238,17A,no,
Ps.27.1,7,יהוה מעוז,4-4,8,0,149,105,no,,149,105,no,
Ps.27.1,8,מעוז חיי,4-3,7,0,151,107,no,,151,107,no,
Ps.27.1,9,חיי ממי,3-3,6,0,118,9A,no,,118,9A,no,
Ps.27.1,10,ממי אפחד,3-4,7,0,183,133,no,,183,133,no,
Ps.28.1,1,לדוד אליך,4-4,8,1,105,89,no,,585,409,no,
Ps.28.1,2,אליך יהוה,4-4,8,1,87,73,no,,567,3B3,yes,
Ps.28.1,3,יהוה אקרא,4-4,8,0,328,234,no,,328,234,no,
Ps.28.1,4,אקרא צורי,4-4,8,0,608,428,no,,608,428,no,
Ps.28.1,5,צורי אל,4-2,6,0,337,241,no,,337,241,no,
Ps.28.1,6,אל תחרש,2-4,6,0,939,663,no,,939,663,no,
Ps.28.1,7,תחרש ממני,4-4,8,0,1048,734,no,,1048,734,no,
Ps.28.1,8,ממני פן,4-2,6,1,270,1A6,no,,920,648,no,
Ps.28.1,9,פן תחשה,2-4,6,1,843,5A3,no,,1493,A45,no,
Ps.28.1,10,תחשה ממני,4-4,8,0,853,5B1,no,,853,5B1,no,
Ps.28.1,11,ממני ונמשלתי,4-7,11,0,976,694,no,,976,694,no,
Ps.28.1,12,ונמשלתי עם,7-2,9,1,946,66A,no,,1506,A56,no,
Ps.28.1,13,עם יורדי,2-5,7,1,340,244,no,,900,630,no,
Ps.28.1,14,יורדי בור,5-3,8,0,438,306,no,,438,306,no,
Ps.29.1,1,מזמור לדוד,5-4,9,0,337,241,no,,337,241,no,
Ps.29.1,2,לדוד הבו,4-3,7,0,57,49,no,7,57,49,no,7
Ps.29.1,3,הבו ליהוה,3-5,8,0,69,59,no,,69,59,no,
Ps.29.1,4,ליהוה בני,5-3,8,0,118,9A,no,,118,9A,no,
Ps.29.1,5,בני אלים,3-4,7,1,143,BB,yes,,703,4A7,no,
Ps.29.1,6,אלים הבו,4-3,7,1,94,7A,no,,654,466,no,
Ps.29.1,7,הבו ליהוה,3-5,8,0,69,59,no,,69,59,no,
Ps.29.1,8,ליהוה כבוד,5-4,9,0,88,74,no,,88,74,no,
Ps.29.1,9,כבוד ועז,4-3,7,0,115,97,no,,115,97,no,
Ps.30.1,1,מזמור שיר,5-3,8,0,803,56B,no,,803,56B,no,
Ps.30.1,2,שיר חנכת,3-4,7,0,988,6A4,no,,988,6A4,no,
Ps.30.1,3,חנכת הבית,4-4,8,0,895,627,no,,895,627,no,
Ps.30.1,4,הבית לדוד,4-4,8,0,461,325,no,,461,325,no,
Ps.31.1,1,למנצח מזמור,5-5,10,0,511,367,no,,511,367,no,
Ps.31.1,2,מזמור לדוד,5-4,9,0,337,241,no,,337,241,no,
Ps.32.1,1,לדוד משכיל,4-5,9,0,444,310,no,,444,310,no,
Ps.32.1,2,משכיל אשרי,5-4,9,0,911,63B,no,,911,63B,no,
Ps.32.1,3,אשרי נשוי,4-4,8,0,877,611,no,,877,611,no,
Ps.32.1,4,נשוי פשע,4-3,7,0,816,580,no,,816,580,no,
Ps.32.1,5,פשע כסוי,3-4,7,0,546,396,no,,546,396,no,
Ps.32.1,6,כסוי חטאה,4-4,8,0,119,9B,no,,119,9B,no,
Ps.33.1,1,רננו צדיקים,4-6,10,1,560,3A8,no,,1120,794,no,
Ps.33.1,2,צדיקים ביהוה,6-5,11,1,282,1B6,no,,842,5A2,no,
Ps.33.1,3,ביהוה לישרים,5-6,11,1,618,436,no,,1178,822,no,
Ps.33.1,4,לישרים נאוה,6-4,10,1,652,464,yes,,1212,850,no,
Ps.33.1,5,נאוה תהלה,4-4,8,0,502,35A,no,,502,35A,no,
Ps.34.1,1,לדוד בשנותו,4-6,10,0,808,574,no,,808,574,no,
Ps.34.1,2,בשנותו את,6-2,8,0,1165,811,no,,1165,811,no,
Ps.34.1,3,את טעמו,2-4,6,0,526,37A,no,,526,37A,no,
Ps.34.1,4,טעמו לפני,4-4,8,0,295,207,no,,295,207,no,
Ps.34.1,5,לפני אבימלך,4-6,10,1,273,1A9,no,,753,529,no,23
Ps.34.1,6,אבימלך ויגרשהו,6-7,13,1,633,449,no,,1113,789,no,
Ps.34.1,7,ויגרשהו וילך,7-4,11,1,596,418,no,,1076,758,no,
Ps.35.1,1,לדוד ריבה,4-4,8,0,261,199,no,,261,199,no,
Ps.35.1,2,ריבה יהוה,4-4,8,0,243,183,no,,243,183,no,
Ps.35.1,3,יהוה את,4-2,6,0,427,2B7,no,,427,2B7,no,
Ps.35.1,4,את יריבי,2-5,7,0,633,449,no,,633,449,no,
Ps.35.1,5,יריבי לחם,5-3,8,1,310,21A,no,,870,606,yes,
Ps.35.1,6,לחם את,3-2,5,1,479,33B,no,,1039,727,yes,
Ps.35.1,7,את לחמי,2-4,6,0,489,349,no,,489,349,no,
Ps.36.1,1,למנצח לעבד,5-4,9,0,324,230,no,,324,230,no,
Ps.36.1,2,לעבד יהוה,4-4,8,0,132,B0,no,,132,B0,no,
Ps.36.1,3,יהוה לדוד,4-4,8,0,70,5A,no,,70,5A,no,
Ps.37.1,1,לדוד אל,4-2,6,0,75,63,no,,75,63,no,
Ps.37.1,2,אל תתחר,2-4,6,0,1039,727,yes,,1039,727,yes,
Ps.37.1,3,תתחר במרעים,4-6,10,1,1370,962,no,,1930,114A,no,
Ps.37.1,4,במרעים אל,6-2,8,1,393,289,no,17,953,675,no,
Ps.37.1,5,אל תקנא,2-4,6,0,582,406,no,,582,406,no,
Ps.37.1,6,תקנא בעשי,4-4,8,0,933,659,no,,933,659,no,
Ps.37.1,7,בעשי עולה,4-4,8,0,493,351,no,,493,351,no,
Ps.38.1,1,מזמור לדוד,5-4,9,0,337,241,no,,337,241,no,
Ps.38.1,2,לדוד להזכיר,4-6,10,0,316,224,no,,316,224,no,
Ps.39.1,1,למנצח לידיתון,5-7,12,1,728,508,no,,1378,96A,no,
Ps.39.1,2,לידיתון מזמור,7-5,12,1,803,56B,no,,1453,A11,no,
Ps.39.1,3,מזמור לדוד,5-4,9,0,337,241,no,,337,241,no,
Ps.40.1,1,למנצח לדוד,5-4,9,0,262,19A,no,,262,19A,no,
Ps.40.1,2,לדוד מזמור,4-5,9,0,337,241,no,,337,241,no,
Ps.41.1,1,למנצח מזמור,5-5,10,0,511,367,no,,511,367,no,
Ps.41.1,2,מזמור לדוד,5-4,9,0,337,241,no,,337,241,no,
Ps.42.1,1,למנצח משכיל,5-5,10,0,618,436,no,,618,436,no,
Ps.42.1,2,משכיל לבני,5-4,9,0,492,350,no,,492,350,no,
Ps.42.1,3,לבני קרח,4-3,7,0,400,294,no,,400,294,no,
Ps.43.1,1,שפטני אלהים,5-5,10,1,535,387,no,,1095,773,no,
Ps.43.1,2,אלהים וריבה,5-5,10,1,309,219,no,,869,605,no,
Ps.43.1,3,וריבה ריבי,5-4,9,0,445,311,no,,445,311,no,
Ps.43.1,4,ריבי מגוי,4-4,8,0,281,1B5,no,,281,1B5,no,
Ps.43.1,5,מגוי לא,4-2,6,0,90,76,no,,90,76,no,
Ps.43.1,6,לא חסיד,2-4,6,0,113,95,no,,113,95,no,
Ps.43.1,7,חסיד מאיש,4-4,8,0,433,301,no,,433,301,no,
Ps.43.1,8,מאיש מרמה,4-4,8,0,636,450,no,,636,450,no,
Ps.43.1,9,מרמה ועולה,4-5,9,0,402,296,no,,402,296,no,
Ps.43.1,10,ועולה תפלטני,5-6,11,0,696,4A0,no,,696,4A0,no,
Ps.44.1,1,למנצח לבני,5-4,9,0,310,21A,no,,310,21A,no,
Ps.44.1,2,לבני קרח,4-3,7,0,400,294,no,,400,294,no,
Ps.44.1,3,קרח משכיל,3-5,8,0,708,4B0,no,,708,4B0,no,
Ps.45.1,1,למנצח על,5-2,7,0,318,226,no,,318,226,no,
Ps.45.1,2,על ששנים,2-5,7,1,800,568,no,,1360,954,no,
Ps.45.1,3,ששנים לבני,5-4,9,1,792,560,no,,1352,948,no,
Ps.45.1,4,לבני קרח,4-3,7,0,400,294,no,,400,294,no,
Ps.45.1,5,קרח משכיל,3-5,8,0,708,4B0,no,,708,4B0,no,
Ps.45.1,6,משכיל שיר,5-3,8,0,910,63A,no,,910,63A,no,
Ps.45.1,7,שיר ידידת,3-5,8,0,938,662,no,,938,662,no,
Ps.46.1,1,למנצח לבני,5-4,9,0,310,21A,no,,310,21A,no,
Ps.46.1,2,לבני קרח,4-3,7,0,400,294,no,,400,294,no,
Ps.46.1,3,קרח על,3-2,5,0,408,2A0,no,,408,2A0,no,
Ps.46.1,4,על עלמות,2-5,7,0,646,45A,no,,646,45A,no,
Ps.46.1,5,עלמות שיר,5-3,8,0,1056,740,no,,1056,740,no,
Ps.47.1,1,למנצח לבני,5-4,9,0,310,21A,no,,310,21A,no,
Ps.47.1,2,לבני קרח,4-3,7,0,400,294,no,,400,294,no,
Ps.47.1,3,קרח מזמור,3-5,8,0,601,421,no,,601,421,no,
Ps.48.1,1,שיר מזמור,3-5,8,0,803,56B,no,,803,56B,no,
Ps.48.1,2,מזמור לבני,5-4,9,0,385,281,no,,385,281,no,
Ps.48.1,3,לבני קרח,4-3,7,0,400,294,no,,400,294,no,
Ps.49.1,1,למנצח לבני,5-4,9,0,310,21A,no,,310,21A,no,
Ps.49.1,2,לבני קרח,4-3,7,0,400,294,no,,400,294,no,
Ps.49.1,3,קרח מזמור,3-5,8,0,601,421,no,,601,421,no,
Ps.50.1,1,מזמור לאסף,5-4,9,1,464,328,no,,1184,828,yes,
Ps.50.1,2,לאסף אל,4-2,6,1,202,14A,no,,922,64A,no,
Ps.50.1,3,אל אלהים,2-5,7,1,117,99,yes,,677,485,no,
Ps.50.1,4,אלהים יהוה,5-4,9,1,112,94,no,,672,480,no,
Ps.50.1,5,יהוה דבר,4-3,7,0,232,174,no,,232,174,no,
Ps.50.1,6,דבר ויקרא,3-5,8,0,523,377,no,,523,377,no,
Ps.50.1,7,ויקרא ארץ,5-3,8,1,608,428,no,,1418,9A2,no,
Ps.50.1,8,ארץ ממזרח,3-5,8,1,586,40A,no,,1396,984,no,
Ps.50.1,9,ממזרח שמש,5-3,8,0,935,65B,no,,935,65B,no,
Ps.50.1,10,שמש עד,3-2,5,0,714,4B6,no,,714,4B6,no,
Ps.50.1,11,עד מבאו,2-4,6,0,123,A3,no,,123,A3,no,
Ps.51.1,1,למנצח מזמור,5-5,10,0,511,367,no,,511,367,no,
Ps.51.1,2,מזמור לדוד,5-4,9,0,337,241,no,,337,241,no,
Ps.52.1,1,למנצח משכיל,5-5,10,0,618,436,no,,618,436,no,
Ps.52.1,2,משכיל לדוד,5-4,9,0,444,310,no,,444,310,no,
Ps.53.1,1,למנצח על,5-2,7,0,318,226,no,,318,226,no,
Ps.53.1,2,על מחלת,2-4,6,0,578,402,no,,578,402,no,
Ps.53.1,3,מחלת משכיל,4-5,9,0,878,612,no,,878,612,no,
Ps.53.1,4,משכיל לדוד,5-4,9,0,444,310,no,,444,310,no,
Ps.54.1,1,למנצח בנגינת,5-6,11,0,733,511,no,,733,511,no,
Ps.54.1,2,בנגינת משכיל,6-5,11,0,915,643,no,,915,643,no,
Ps.54.1,3,משכיל לדוד,5-4,9,0,444,310,no,,444,310,no,
Ps.55.1,1,למנצח בנגינת,5-6,11,0,733,511,no,,733,511,no,
Ps.55.1,2,בנגינת משכיל,6-5,11,0,915,643,no,,915,643,no,
Ps.55.1,3,משכיל לדוד,5-4,9,0,444,310,no,,444,310,no,
Ps.56.1,1,למנצח על,5-2,7,0,318,226,no,,318,226,no,
Ps.56.1,2,על יונת,2-4,6,0,566,3B2,no,,566,3B2,no,
Ps.56.1,3,יונת אלם,4-3,7,1,537,389,no,,1097,775,no,
Ps.56.1,4,אלם רחקים,3-5,8,2,429,2B9,no,,1549,A91,no,
Ps.56.1,5,רחקים לדוד,5-4,9,1,402,296,no,,962,682,no,
Ps.56.1,6,לדוד מכתם,4-4,8,1,544,394,no,,1104,780,no,
Ps.56.1,7,מכתם באחז,4-4,8,1,518,372,no,,1078,75A,no,
Ps.56.1,8,באחז אתו,4-3,7,0,425,2B5,no,,425,2B5,no,
Ps.56.1,9,אתו פלשתים,3-6,9,1,1267,897,no,,1827,1083,no,
Ps.56.1,10,פלשתים בגת,6-3,9,1,1265,895,no,,1825,1081,no,
Ps.57.1,1,למנצח אל,5-2,7,0,249,189,no,,249,189,no,
Ps.57.1,2,אל תשחת,2-4,6,0,1139,7AB,no,,1139,7AB,no,
Ps.57.1,3,תשחת לדוד,4-4,8,0,1152,800,no,,1152,800,no,
Ps.57.1,4,לדוד מכתם,4-4,8,1,544,394,no,,1104,780,no,
Ps.57.1,5,מכתם בברחו,4-5,9,1,718,4BA,no,,1278,8A6,no,
Ps.57.1,6,בברחו מפני,5-4,9,0,398,292,yes,,398,292,yes,
Ps.57.1,7,מפני שאול,4-4,8,0,517,371,no,,517,371,no,
Ps.57.1,8,שאול במערה,4-5,9,0,654,466,no,,654,466,no,
Ps.58.1,1,למנצח אל,5-2,7,0,249,189,no,,249,189,no,
Ps.58.1,2,אל תשחת,2-4,6,0,1139,7AB,no,,1139,7AB,no,
Ps.58.1,3,תשחת לדוד,4-4,8,0,1152,800,no,,1152,800,no,
Ps.58.1,4,לדוד מכתם,4-4,8,1,544,394,no,,1104,780,no,
Ps.59.1,1,למנצח אל,5-2,7,0,249,189,no,,249,189,no,
Ps.59.1,2,אל תשחת,2-4,6,0,1139,7AB,no,,1139,7AB,no,
Ps.59.1,3,תשחת לדוד,4-4,8,0,1152,800,no,,1152,800,no,
Ps.59.1,4,לדוד מכתם,4-4,8,1,544,394,no,,1104,780,no,
Ps.59.1,5,מכתם בשלח,4-4,8,1,840,5A0,no,,1400,988,no,
Ps.59.1,6,בשלח שאול,4-4,8,0,677,485,no,,677,485,no,
Ps.59.1,7,שאול וישמרו,4-6,10,0,899,62B,no,,899,62B,no,
Ps.59.1,8,וישמרו את,6-2,8,0,963,683,no,,963,683,no,
Ps.59.1,9,את הבית,2-4,6,0,818,582,no,,818,582,no,
Ps.59.1,10,הבית להמיתו,4-6,10,0,908,638,no,,908,638,no,
Ps.60.1,1,למנצח על,5-2,7,0,318,226,no,,318,226,no,
Ps.60.1,2,על שושן,2-4,6,1,756,530,no,,1406,992,no,
Ps.60.1,3,שושן עדות,4-4,8,1,1136,7A8,no,,1786,104A,no,
Ps.60.1,4,עדות מכתם,4-4,8,1,980,698,no,,1540,A84,no,
Ps.60.1,5,מכתם לדוד,4-4,8,1,544,394,no,,1104,780,no,
Ps.60.1,6,לדוד ללמד,4-4,8,0,148,104,no,,148,104,no,
Ps.61.1,1,למנצח על,5-2,7,0,318,226,no,,318,226,no,
Ps.61.1,2,על נגינת,2-5,7,0,613,431,no,,613,431,no,
Ps.61.1,3,נגינת לדוד,5-4,9,0,557,3A5,no,,557,3A5,no,
Ps.62.1,1,למנצח על,5-2,7,0,318,226,no,,318,226,no,
Ps.62.1,2,על ידותון,2-6,8,1,576,400,no,20,1226,862,no,
Ps.62.1,3,ידותון מזמור,6-5,11,1,769,541,no,,1419,9A3,no,
Ps.62.1,4,מזמור לדוד,5-4,9,0,337,241,no,,337,241,no,
Ps.63.1,1,מזמור לדוד,5-4,9,0,337,241,no,,337,241,no,
Ps.63.1,2,לדוד בהיותו,4-6,10,0,473,335,no,,473,335,no,
Ps.63.1,3,בהיותו במדבר,6-5,11,0,677,485,no,,677,485,no,
Ps.63.1,4,במדבר יהודה,5-5,10,0,278,1B2,no,,278,1B2,no,
Ps.64.1,1,למנצח מזמור,5-5,10,0,511,367,no,,511,367,no,
Ps.64.1,2,מזמור לדוד,5-4,9,0,337,241,no,,337,241,no,
Ps.65.1,1,למנצח מזמור,5-5,10,0,511,367,no,,511,367,no,
Ps.65.1,2,מזמור לדוד,5-4,9,0,337,241,no,,337,241,no,
Ps.65.1,3,לדוד שיר,4-3,7,0,554,3A2,no,,554,3A2,no,
Ps.66.1,1,למנצח שיר,5-3,8,0,728,508,no,,728,508,no,
Ps.66.1,2,שיר מזמור,3-5,8,0,803,56B,no,,803,56B,no,
Ps.66.1,3,מזמור הריעו,5-5,10,0,584,408,no,,584,408,no,
Ps.66.1,4,הריעו לאלהים,5-6,11,1,407,29B,no,,967,687,no,
Ps.66.1,5,לאלהים כל,6-2,8,1,166,11A,no,,726,506,no,
Ps.66.1,6,כל הארץ,2-4,6,1,346,24A,no,,1156,804,no,
Ps.67.1,1,למנצח בנגינת,5-6,11,0,733,511,no,,733,511,no,
Ps.67.1,2,בנגינת מזמור,6-5,11,0,808,574,no,,808,574,no,
Ps.67.1,3,מזמור שיר,5-3,8,0,803,56B,no,,803,56B,no,
Ps.68.1,1,למנצח לדוד,5-4,9,0,262,19A,no,,262,19A,no,
Ps.68.1,2,לדוד מזמור,4-5,9,0,337,241,no,,337,241,no,
Ps.68.1,3,מזמור שיר,5-3,8,0,803,56B,no,,803,56B,no,
Ps.69.1,1,למנצח על,5-2,7,0,318,226,no,,318,226,no,
Ps.69.1,2,על שושנים,2-6,8,1,806,572,no,,1366,95A,no,
Ps.69.1,3,שושנים לדוד,6-4,10,1,750,526,no,,1310,912,no,
Ps.70.1,1,למנצח לדוד,5-4,9,0,262,19A,no,,262,19A,no,
Ps.70.1,2,לדוד להזכיר,4-6,10,0,316,224,no,,316,224,no,
Ps.71.1,1,בך יהוה,2-4,6,1,48,40,no,,528,380,no,
Ps.71.1,2,יהוה חסיתי,4-5,9,0,514,36A,no,,514,36A,no,
Ps.71.1,3,חסיתי אל,5-2,7,0,519,373,yes,,519,373,yes,
Ps.71.1,4,אל אבושה,2-5,7,0,345,249,no,,345,249,no,
Ps.71.1,5,אבושה לעולם,5-5,10,1,490,34A,no,,1050,736,no,
Ps.72.1,1,לשלמה אלהים,5-5,10,1,491,34B,no,,1051,737,yes,
Ps.72.1,2,אלהים משפטיך,5-6,11,2,545,395,no,,1585,B01,no,
Ps.72.1,3,משפטיך למלך,6-4,10,2,579,403,no,,1539,A83,no,
Ps.72.1,4,למלך תן,4-2,6,2,570,3B6,no,,1700,B98,no,
Ps.72.1,5,תן וצדקתך,2-6,8,2,1070,752,no,,2200,1334,no,
Ps.72.1,6,וצדקתך לבן,6-3,9,2,702,4A6,no,,1832,1088,no,
Ps.72.1,7,לבן מלך,3-3,6,2,172,124,no,,1302,906,no,
Ps.73.1,1,מזמור לאסף,5-4,9,1,464,328,no,,1184,828,yes,
Ps.73.1,2,לאסף אך,4-2,6,2,192,140,no,,1392,980,no,
Ps.73.1,3,אך טוב,2-3,5,1,38,32,no,,518,372,no,
Ps.73.1,4,טוב לישראל,3-6,9,0,588,410,no,,588,410,no,
Ps.73.1,5,לישראל אלהים,6-5,11,1,657,469,no,,1217,855,no,
Ps.73.1,6,אלהים לברי,5-4,9,1,328,234,no,,888,620,no,
Ps.73.1,7,לברי לבב,4-3,7,0,276,1B0,no,,276,1B0,no,
Ps.74.1,1,משכיל לאסף,5-4,9,1,571,3B7,no,,1291,8B7,no,
Ps.74.1,2,לאסף למה,4-3,7,1,246,186,no,,966,686,yes,
Ps.74.1,3,למה אלהים,3-5,8,1,161,115,no,,721,501,no,
Ps.74.1,4,אלהים זנחת,5-4,9,1,551,39B,no,,1111,787,yes,
Ps.74.1,5,זנחת לנצח,4-4,8,0,643,457,no,,643,457,no,
Ps.74.1,6,לנצח יעשן,4-4,8,1,608,428,no,,1258,88A,no,
Ps.74.1,7,יעשן אפך,4-3,7,2,531,383,yes,,1661,B65,no,
Ps.74.1,8,אפך בצאן,3-4,7,2,244,184,no,,1374,966,no,
Ps.74.1,9,בצאן מרעיתך,4-6,10,2,883,617,no,,2013,11B9,no,
Ps.75.1,1,למנצח אל,5-2,7,0,249,189,no,,249,189,no,
Ps.75.1,2,אל תשחת,2-4,6,0,1139,7AB,no,,1139,7AB,no,
Ps.75.1,3,תשחת מזמור,4-5,9,0,1401,989,yes,,1401,989,yes,
Ps.75.1,4,מזמור לאסף,5-4,9,1,464,328,no,,1184,828,yes,
Ps.75.1,5,לאסף שיר,4-3,7,1,681,489,no,,1401,989,yes,
Ps.76.1,1,למנצח בנגינת,5-6,11,0,733,511,no,,733,511,no,
Ps.76.1,2,בנגינת מזמור,6-5,11,0,808,574,no,,808,574,no,
Ps.76.1,3,מזמור לאסף,5-4,9,1,464,328,no,,1184,828,yes,
Ps.76.1,4,לאסף שיר,4-3,7,1,681,489,no,,1401,989,yes,
Ps.77.1,1,למנצח על,5-2,7,0,318,226,no,,318,226,no,
Ps.77.1,2,על ידיתון,2-6,8,1,580,404,yes,,1230,866,no,
Ps.77.1,3,ידיתון לאסף,6-4,10,2,651,463,no,,2021,1205,no,
Ps.77.1,4,לאסף מזמור,4-5,9,1,464,328,no,,1184,828,yes,
Ps.78.1,1,משכיל לאסף,5-4,9,1,571,3B7,no,,1291,8B7,no,
Ps.78.1,2,לאסף האזינה,4-6,10,1,249,189,no,,969,689,no,
Ps.78.1,3,האזינה עמי,6-3,9,0,198,146,no,,198,146,no,
Ps.78.1,4,עמי תורתי,3-5,8,0,1136,7A8,no,,1136,7A8,no,
Ps.78.1,5,תורתי הטו,5-3,8,0,1036,724,no,,1036,724,no,
Ps.78.1,6,הטו אזנכם,3-5,8,1,138,B6,no,,698,4A2,no,
Ps.78.1,7,אזנכם לאמרי,5-5,10,1,399,293,no,,959,67B,no,
Ps.78.1,8,לאמרי פי,5-2,7,0,371,26B,no,,371,26B,no,
Ps.79.1,1,מזמור לאסף,5-4,9,1,464,328,no,,1184,828,yes,
Ps.79.1,2,לאסף אלהים,4-5,9,2,257,195,no,,1537,A81,no,
Ps.79.1,3,אלהים באו,5-3,8,1,95,7B,no,,655,467,no,
Ps.79.1,4,באו גוים,3-4,7,1,68,58,no,,628,444,yes,
Ps.79.1,5,גוים בנחלתך,4-6,10,2,569,3B5,no,,1609,B21,no,
Ps.79.1,6,בנחלתך טמאו,6-4,10,1,566,3B2,no,,1046,732,no,
Ps.79.1,7,טמאו את,4-2,6,0,457,321,no,,457,321,no,
Ps.79.1,8,את היכל,2-4,6,0,466,32A,no,,466,32A,no,
Ps.79.1,9,היכל קדשך,4-4,8,1,489,349,no,,969,689,no,
Ps.79.1,10,קדשך שמו,4-3,7,1,770,542,no,,1250,882,no,
Ps.79.1,11,שמו את,3-2,5,0,747,523,no,,747,523,no,
Ps.79.1,12,את ירושלם,2-6,8,1,987,6A3,no,,1547,A8B,no,
Ps.79.1,13,ירושלם לעיים,6-5,11,2,746,522,no,,1866,10B6,no,
Ps.80.1,1,למנצח אל,5-2,7,0,249,189,no,,249,189,no,
Ps.80.1,2,אל ששנים,2-5,7,1,731,50B,no,,1291,8B7,no,
Ps.80.1,3,ששנים עדות,5-4,9,1,1180,824,no,,1740,1010,no,
Ps.80.1,4,עדות לאסף,4-4,8,1,651,463,no,,1371,963,no,
Ps.80.1,5,לאסף מזמור,4-5,9,1,464,328,no,,1184,828,yes,
Ps.81.1,1,למנצח על,5-2,7,0,318,226,no,,318,226,no,
Ps.81.1,2,על הגתית,2-5,7,0,918,646,yes,,918,646,yes,
Ps.81.1,3,הגתית לאסף,5-4,9,1,989,6A5,no,,1709,BA5,no,
Ps.82.1,1,מזמור לאסף,5-4,9,1,464,328,no,,1184,828,yes,
Ps.82.1,2,לאסף אלהים,4-5,9,2,257,195,no,,1537,A81,no,
Ps.82.1,3,אלהים נצב,5-3,8,1,228,170,no,,788,558,no,
Ps.82.1,4,נצב בעדת,3-4,7,0,618,436,no,,618,436,no,
Ps.82.1,5,בעדת אל,4-2,6,0,507,363,yes,,507,363,yes,
Ps.82.1,6,אל בקרב,2-4,6,0,335,23B,no,,335,23B,no,
Ps.82.1,7,בקרב אלהים,4-5,9,1,390,286,no,,950,672,no,
Ps.82.1,8,אלהים ישפט,5-4,9,1,485,345,no,,1045,731,no,
Ps.83.1,1,שיר מזמור,3-5,8,0,803,56B,no,,803,56B,no,
Ps.83.1,2,מזמור לאסף,5-4,9,1,464,328,no,,1184,828,yes,
Ps.84.1,1,למנצח על,5-2,7,0,318,226,no,,318,226,no,
Ps.84.1,2,על הגתית,2-5,7,0,918,646,yes,,918,646,yes,
Ps.84.1,3,הגתית לבני,5-4,9,0,910,63A,no,,910,63A,no,
Ps.84.1,4,לבני קרח,4-3,7,0,400,294,no,,400,294,no,
Ps.84.1,5,קרח מזמור,3-5,8,0,601,421,no,,601,421,no,
Ps.85.1,1,למנצח לבני,5-4,9,0,310,21A,no,,310,21A,no,
Ps.85.1,2,לבני קרח,4-3,7,0,400,294,no,,400,294,no,
Ps.85.1,3,קרח מזמור,3-5,8,0,601,421,no,,601,421,no,
Ps.86.1,1,תפלה לדוד,4-4,8,0,559,3A7,no,,559,3A7,no,
Ps.86.1,2,לדוד הטה,4-3,7,0,63,53,no,,63,53,no,
Ps.86.1,3,הטה יהוה,3-4,7,0,45,39,no,,45,39,no,
Ps.86.1,4,יהוה אזנך,4-4,8,1,104,88,yes,,584,408,no,
Ps.86.1,5,אזנך ענני,4-4,8,1,258,196,no,14,738,516,no,
Ps.86.1,6,ענני כי,4-2,6,0,210,156,no,,210,156,no,
Ps.86.1,7,כי עני,2-3,5,0,160,114,no,,160,114,no,
Ps.86.1,8,עני ואביון,3-6,9,1,205,151,yes,,855,5B3,no,
Ps.86.1,9,ואביון אני,6-3,9,1,136,B4,no,,786,556,no,
Ps.87.1,1,לבני קרח,4-3,7,0,400,294,no,,400,294,no,
Ps.87.1,2,קרח מזמור,3-5,8,0,601,421,no,,601,421,no,
Ps.87.1,3,מזמור שיר,5-3,8,0,803,56B,no,,803,56B,no,
Ps.87.1,4,שיר יסודתו,3-6,9,0,996,6B0,no,,996,6B0,no,
Ps.87.1,5,יסודתו בהררי,6-5,11,0,903,633,no,,903,633,no,
Ps.87.1,6,בהררי קדש,5-3,8,0,821,585,yes,,821,585,yes,
Ps.88.1,1,שיר מזמור,3-5,8,0,803,56B,no,,803,56B,no,
Ps.88.1,2,מזמור לבני,5-4,9,0,385,281,no,,385,281,no,
Ps.88.1,3,לבני קרח,4-3,7,0,400,294,no,,400,294,no,
Ps.88.1,4,קרח למנצח,3-5,8,0,526,37A,no,,526,37A,no,
Ps.88.1,5,למנצח על,5-2,7,0,318,226,no,,318,226,no,
Ps.88.1,6,על מחלת,2-4,6,0,578,402,no,,578,402,no,
Ps.88.1,7,מחלת לענות,4-5,9,0,1034,722,no,,1034,722,no,
Ps.88.1,8,לענות משכיל,5-5,10,0,956,678,no,,956,678,no,
Ps.88.1,9,משכיל להימן,5-5,10,1,535,387,no,,1185,829,no,
Ps.88.1,10,להימן האזרחי,5-6,11,1,366,266,no,,1016,708,no,
Ps.89.1,1,משכיל לאיתן,5-5,10,1,891,623,no,,1541,A85,no,
Ps.89.1,2,לאיתן האזרחי,5-6,11,1,722,502,no,,1372,964,no,
Ps.90.1,1,תפלה למשה,4-4,8,0,890,622,no,,890,622,no,
Ps.90.1,2,למשה איש,4-3,7,0,686,492,no,,686,492,no,
Ps.90.1,3,איש האלהים,3-6,9,1,402,296,no,,962,682,no,
Ps.90.1,4,האלהים אדני,6-4,10,1,156,110,no,,716,4B8,no,
Ps.90.1,5,אדני מעון,4-4,8,1,231,173,no,,881,615,no,
Ps.90.1,6,מעון אתה,4-3,7,1,572,3B8,no,,1222,85A,no,
Ps.90.1,7,אתה היית,3-4,7,0,831,593,no,,831,593,no,
Ps.90.1,8,היית לנו,4-3,7,0,511,367,no,,511,367,no,
Ps.90.1,9,לנו בדר,3-3,6,0,292,204,no,,292,204,no,
Ps.90.1,10,בדר ודר,3-3,6,0,416,2A8,no,,416,2A8,no,
Ps.91.1,1,ישב בסתר,3-4,7,0,974,692,no,,974,692,no,
Ps.91.1,2,בסתר עליון,4-5,9,1,828,590,no,,1478,A32,no,
Ps.91.1,3,עליון בצל,5-3,8,1,288,200,no,,938,662,no,
Ps.91.1,4,בצל שדי,3-3,6,0,436,304,no,,436,304,no,
Ps.91.1,5,שדי יתלונן,3-6,9,1,860,5B8,no,,1510,A5A,yes,
Ps.92.1,1,מזמור שיר,5-3,8,0,803,56B,no,,803,56B,no,
Ps.92.1,2,שיר ליום,3-4,7,1,596,418,no,,1156,804,no,
Ps.92.1,3,ליום השבת,4-4,8,1,793,561,no,,1353,949,yes,
Ps.93.1,1,יהוה מלך,4-3,7,1,116,98,no,,596,418,no,
Ps.93.1,2,מלך גאות,3-4,7,1,500,358,no,,980,698,no,
Ps.93.1,3,גאות לבש,4-3,7,0,742,51A,no,,742,51A,no,
Ps.93.1,4,לבש לבש,3-3,6,0,664,474,yes,,664,474,yes,
Ps.93.1,5,לבש יהוה,3-4,7,0,358,25A,no,,358,25A,no,
Ps.93.1,6,יהוה עז,4-2,6,0,103,87,no,,103,87,no,
Ps.93.1,7,עז התאזר,2-5,7,0,690,496,no,,690,496,no,
Ps.93.1,8,התאזר אף,5-2,7,1,694,49A,no,,1414,99A,no,
Ps.93.1,9,אף תכון,2-4,6,2,557,3A5,no,,1927,1147,no,
Ps.93.1,10,תכון תבל,4-3,7,1,908,638,no,,1558,A9A,yes,
Ps.93.1,11,תבל בל,3-2,5,0,464,328,no,,464,328,no,
Ps.93.1,12,בל תמוט,2-4,6,0,487,347,no,,487,347,no,
Ps.94.1,1,אל נקמות,2-5,7,0,627,443,no,,627,443,no,
Ps.94.1,2,נקמות יהוה,5-4,9,0,622,43A,no,,622,43A,no,
Ps.94.1,3,יהוה אל,4-2,6,0,57,49,no,7,57,49,no,7
Ps.94.1,4,אל נקמות,2-5,7,0,627,443,no,,627,443,no,
Ps.94.1,5,נקמות הופיע,5-5,10,0,767,53B,no,,767,53B,no,
Ps.95.1,1,לכו נרננה,3-5,8,0,411,2A3,no,,411,2A3,no,
Ps.95.1,2,נרננה ליהוה,5-5,10,0,411,2A3,no,,411,2A3,no,
Ps.95.1,3,ליהוה נריעה,5-5,10,0,391,287,no,,391,287,no,
Ps.95.1,4,נריעה לצור,5-4,9,0,661,471,no,,661,471,no,
Ps.95.1,5,לצור ישענו,4-5,9,0,762,536,no,,762,536,no,
Ps.96.1,1,שירו ליהוה,4-5,9,0,572,3B8,no,,572,3B8,no,
Ps.96.1,2,ליהוה שיר,5-3,8,0,566,3B2,no,,566,3B2,no,
Ps.96.1,3,שיר חדש,3-3,6,0,822,586,no,,822,586,no,
Ps.96.1,4,חדש שירו,3-4,7,0,828,590,no,,828,590,no,
Ps.96.1,5,שירו ליהוה,4-5,9,0,572,3B8,no,,572,3B8,no,
Ps.96.1,6,ליהוה כל,5-2,7,0,106,8A,no,,106,8A,no,
Ps.96.1,7,כל הארץ,2-4,6,1,346,24A,no,,1156,804,no,
Ps.97.1,1,יהוה מלך,4-3,7,1,116,98,no,,596,418,no,
Ps.97.1,2,מלך תגל,3-3,6,1,523,377,no,,1003,6B7,no,
Ps.97.1,3,תגל הארץ,3-4,7,1,729,509,no,,1539,A83,no,
Ps.97.1,4,הארץ ישמחו,4-5,9,1,660,470,no,,1470,A26,no,
Ps.97.1,5,ישמחו איים,5-4,9,1,425,2B5,no,,985,6A1,no,
Ps.97.1,6,איים רבים,4-4,8,2,313,221,no,,1433,9B5,no,
Ps.98.1,1,מזמור שירו,5-4,9,0,809,575,yes,,809,575,yes,
Ps.98.1,2,שירו ליהוה,4-5,9,0,572,3B8,no,,572,3B8,no,
Ps.98.1,3,ליהוה שיר,5-3,8,0,566,3B2,no,,566,3B2,no,
Ps.98.1,4,שיר חדש,3-3,6,0,822,586,no,,822,586,no,
Ps.98.1,5,חדש כי,3-2,5,0,342,246,no,,342,246,no,
Ps.98.1,6,כי נפלאות,2-6,8,0,597,419,no,,597,419,no,
Ps.98.1,7,נפלאות עשה,6-3,9,0,942,666,yes,,942,666,yes,
Ps.98.1,8,עשה הושיעה,3-6,9,0,771,543,no,,771,543,no,
Ps.98.1,9,הושיעה לו,6-2,8,0,432,300,no,,432,300,no,
Ps.98.1,10,לו ימינו,2-5,7,0,152,108,no,,152,108,no,
Ps.98.1,11,ימינו וזרוע,5-5,10,0,405,299,no,,405,299,no,
Ps.98.1,12,וזרוע קדשו,5-4,9,0,699,4A3,no,,699,4A3,no,
Ps.99.1,1,יהוה מלך,4-3,7,1,116,98,no,,596,418,no,
Ps.99.1,2,מלך ירגזו,3-5,8,1,316,224,no,,796,564,no,
Ps.99.1,3,ירגזו עמים,5-4,9,1,386,282,yes,,946,66A,no,
Ps.99.1,4,עמים ישב,4-3,7,1,472,334,no,,1032,720,no,
Ps.99.1,5,ישב כרובים,3-6,9,1,590,412,no,,1150,7BA,no,
Ps.99.1,6,כרובים תנוט,6-4,10,1,743,51B,no,,1303,907,no,
Ps.99.1,7,תנוט הארץ,4-4,8,1,761,535,yes,,1571,AAB,no,
Ps.100.1,1,מזמור לתודה,5-5,10,0,738,516,no,,738,516,no,
Ps.100.1,2,לתודה הריעו,5-5,10,0,736,514,no,,736,514,no,
Ps.100.1,3,הריעו ליהוה,5-5,10,0,347,24B,no,,347,24B,no,
Ps.100.1,4,ליהוה כל,5-2,7,0,106,8A,no,,106,8A,no,
Ps.100.1,5,כל הארץ,2-4,6,1,346,24A,no,,1156,804,no,
Ps.101.1,1,לדוד מזמור,4-5,9,0,337,241,no,,337,241,no,
Ps.101.1,2,מזמור חסד,5-3,8,0,365,265,no,,365,265,no,
Ps.101.1,3,חסד ומשפט,3-5,8,0,507,363,yes,,507,363,yes,
Ps.101.1,4,ומשפט אשירה,5-5,10,0,951,673,no,,951,673,no,
Ps.101.1,5,אשירה לך,5-2,7,1,566,3B2,no,,1046,732,no,
Ps.101.1,6,לך יהוה,2-4,6,1,76,64,no,8,556,3A4,no,
Ps.101.1,7,יהוה אזמרה,4-5,9,0,279,1B3,no,,279,1B3,no,
Ps.102.1,1,תפלה לעני,4-4,8,0,675,483,no,,675,483,no,
Ps.102.1,2,לעני כי,4-2,6,0,190,13A,no,,190,13A,no,
Ps.102.1,3,כי יעטף,2-4,6,1,199,147,no,,919,647,no,
Ps.102.1,4,יעטף ולפני,4-5,9,1,345,249,no,,1065,749,no,
Ps.102.1,5,ולפני יהוה,5-4,9,0,202,14A,no,,202,14A,no,
Ps.102.1,6,יהוה ישפך,4-4,8,1,436,304,no,,916,644,no,
Ps.102.1,7,ישפך שיחו,4-4,8,1,734,512,no,,1214,852,no,
Ps.103.1,1,לדוד ברכי,4-4,8,0,276,1B0,no,,276,1B0,no,
Ps.103.1,2,ברכי נפשי,4-4,8,0,672,480,no,,672,480,no,
Ps.103.1,3,נפשי את,4-2,6,0,841,5A1,no,,841,5A1,no,
Ps.103.1,4,את יהוה,2-4,6,0,427,2B7,no,,427,2B7,no,
Ps.103.1,5,יהוה וכל,4-3,7,0,82,6A,no,,82,6A,no,
Ps.103.1,6,וכל קרבי,3-4,7,0,368,268,no,,368,268,no,
Ps.103.1,7,קרבי את,4-2,6,0,713,4B5,no,,713,4B5,no,
Ps.103.1,8,את שם,2-2,4,1,741,519,no,,1301,905,no,
Ps.103.1,9,שם קדשו,2-4,6,1,750,526,no,,1310,912,no,
Ps.104.1,1,ברכי נפשי,4-4,8,0,672,480,no,,672,480,no,
Ps.104.1,2,נפשי את,4-2,6,0,841,5A1,no,,841,5A1,no,
Ps.104.1,3,את יהוה,2-4,6,0,427,2B7,no,,427,2B7,no,
Ps.104.1,4,יהוה יהוה,4-4,8,0,52,44,yes,,52,44,yes,
Ps.104.1,5,יהוה אלהי,4-4,8,0,72,60,no,,72,60,no,
Ps.104.1,6,אלהי גדלת,4-4,8,0,483,343,yes,,483,343,yes,
Ps.104.1,7,גדלת מאד,4-3,7,0,482,342,no,,482,342,no,
Ps.104.1,8,מאד הוד,3-3,6,0,60,50,no,,60,50,no,
Ps.104.1,9,הוד והדר,3-4,7,0,230,172,no,,230,172,no,
Ps.104.1,10,והדר לבשת,4-4,8,0,947,66B,no,,947,66B,no,
Ps.105.1,1,הודו ליהוה,4-5,9,0,77,65,no,,77,65,no,
Ps.105.1,2,ליהוה קראו,5-4,9,0,363,263,no,,363,263,no,
Ps.105.1,3,קראו בשמו,4-4,8,0,655,467,no,,655,467,no,
Ps.105.1,4,בשמו הודיעו,4-6,10,0,449,315,no,,449,315,no,
Ps.105.1,5,הודיעו בעמים,6-5,11,1,263,19B,no,,823,587,no,
Ps.105.1,6,בעמים עלילותיו,5-8,13,1,724,504,no,,1284,8B0,no,
Ps.106.1,1,הללו יה,4-2,6,0,86,72,no,,86,72,no,
Ps.106.1,2,יה הודו,2-4,6,0,36,30,no,,36,30,no,
Ps.106.1,3,הודו ליהוה,4-5,9,0,77,65,no,,77,65,no,
Ps.106.1,4,ליהוה כי,5-2,7,0,86,72,no,,86,72,no,
Ps.106.1,5,כי טוב,2-3,5,0,47,3B,no,,47,3B,no,
Ps.106.1,6,טוב כי,3-2,5,0,47,3B,no,,47,3B,no,
Ps.106.1,7,כי לעולם,2-5,7,1,206,152,no,,766,53A,no,
Ps.106.1,8,לעולם חסדו,5-4,9,1,254,192,no,,814,57A,no,
Ps.107.1,1,הדו ליהוה,3-5,8,0,71,5B,no,,71,5B,no,
Ps.107.1,2,ליהוה כי,5-2,7,0,86,72,no,,86,72,no,
Ps.107.1,3,כי טוב,2-3,5,0,47,3B,no,,47,3B,no,
Ps.107.1,4,טוב כי,3-2,5,0,47,3B,no,,47,3B,no,
Ps.107.1,5,כי לעולם,2-5,7,1,206,152,no,,766,53A,no,
Ps.107.1,6,לעולם חסדו,5-4,9,1,254,192,no,,814,57A,no,
Ps.108.1,1,שיר מזמור,3-5,8,0,803,56B,no,,803,56B,no,
Ps.108.1,2,מזמור לדוד,5-4,9,0,337,241,no,,337,241,no,
Ps.109.1,1,למנצח לדוד,5-4,9,0,262,19A,no,,262,19A,no,
Ps.109.1,2,לדוד מזמור,4-5,9,0,337,241,no,,337,241,no,
Ps.109.1,3,מזמור אלהי,5-4,9,0,339,243,no,,339,243,no,
Ps.109.1,4,אלהי תהלתי,4-5,9,0,891,623,no,,891,623,no,
Ps.109.1,5,תהלתי אל,5-2,7,0,876,610,no,,876,610,no,
Ps.109.1,6,אל תחרש,2-4,6,0,939,663,no,,939,663,no,
Ps.110.1,1,לדוד מזמור,4-5,9,0,337,241,no,,337,241,no,
Ps.110.1,2,מזמור נאם,5-3,8,1,384,280,no,,944,668,no,
Ps.110.1,3,נאם יהוה,3-4,7,1,117,99,yes,,677,485,no,
Ps.110.1,4,יהוה לאדני,4-5,9,0,121,A1,no,,121,A1,no,
Ps.110.1,5,לאדני שב,5-2,7,0,397,291,no,,397,291,no,
Ps.110.1,6,שב לימיני,2-6,8,0,452,318,no,,452,318,no,
Ps.110.1,7,לימיני עד,6-2,8,0,224,168,no,,224,168,no,
Ps.110.1,8,עד אשית,2-4,6,0,785,555,yes,,785,555,yes,
Ps.110.1,9,אשית איביך,4-5,9,1,754,52A,no,,1234,86A,no,
Ps.110.1,10,איביך הדם,5-3,8,2,92,78,no,,1132,7A4,no,
Ps.110.1,11,הדם לרגליך,3-6,9,2,342,246,no,,1382,972,no,
Ps.111.1,1,הללו יה,4-2,6,0,86,72,no,,86,72,no,
Ps.111.1,2,יה אודה,2-4,6,0,31,27,no,,31,27,no,
Ps.111.1,3,אודה יהוה,4-4,8,0,42,36,no,6,42,36,no,6
Ps.111.1,4,יהוה בכל,4-3,7,0,78,66,yes,,78,66,yes,
Ps.111.1,5,בכל לבב,3-3,6,0,86,72,no,,86,72,no,
Ps.111.1,6,לבב בסוד,3-4,7,0,106,8A,no,,106,8A,no,
Ps.111.1,7,בסוד ישרים,4-5,9,1,632,448,no,,1192,834,no,
Ps.111.1,8,ישרים ועדה,5-4,9,1,645,459,no,,1205,845,no,
Ps.112.1,1,הללו יה,4-2,6,0,86,72,no,,86,72,no,
Ps.112.1,2,יה אשרי,2-4,6,0,526,37A,no,,526,37A,no,
Ps.112.1,3,אשרי איש,4-3,7,0,822,586,no,,822,586,no,
Ps.112.1,4,איש ירא,3-3,6,0,522,376,no,,522,376,no,
Ps.112.1,5,ירא את,3-2,5,0,612,430,no,,612,430,no,
Ps.112.1,6,את יהוה,2-4,6,0,427,2B7,no,,427,2B7,no,
Ps.112.1,7,יהוה במצותיו,4-7,11,0,580,404,yes,,580,404,yes,
Ps.112.1,8,במצותיו חפץ,7-3,10,1,732,510,no,,1542,A86,no,
Ps.112.1,9,חפץ מאד,3-3,6,1,223,167,no,,1033,721,no,
Ps.113.1,1,הללו יה,4-2,6,0,86,72,no,,86,72,no,
Ps.113.1,2,יה הללו,2-4,6,0,86,72,no,,86,72,no,
Ps.113.1,3,הללו עבדי,4-4,8,0,157,111,yes,,157,111,yes,
Ps.113.1,4,עבדי יהוה,4-4,8,0,112,94,no,,112,94,no,
Ps.113.1,5,יהוה הללו,4-4,8,0,97,81,no,9,97,81,no,9
Ps.113.1,6,הללו את,4-2,6,0,472,334,no,,472,334,no,
Ps.113.1,7,את שם,2-2,4,1,741,519,no,,1301,905,no,
Ps.113.1,8,שם יהוה,2-4,6,1,366,266,no,,926,652,no,
Ps.114.1,1,בצאת ישראל,4-5,9,0,1034,722,no,,1034,722,no,
Ps.114.1,2,ישראל ממצרים,5-6,11,1,961,681,no,,1521,A69,no,
Ps.114.1,3,ממצרים בית,6-3,9,1,832,594,no,,1392,980,no,
Ps.114.1,4,בית יעקב,3-4,7,0,594,416,no,,594,416,no,
Ps.114.1,5,יעקב מעם,4-3,7,1,332,238,no,,892,624,no,
Ps.114.1,6,מעם לעז,3-3,6,1,257,195,no,,817,581,no,
Ps.115.1,1,לא לנו,2-3,5,0,117,99,yes,,117,99,yes,
Ps.115.1,2,לנו יהוה,3-4,7,0,112,94,no,,112,94,no,
Ps.115.1,3,יהוה לא,4-2,6,0,57,49,no,7,57,49,no,7
Ps.115.1,4,לא לנו,2-3,5,0,117,99,yes,,117,99,yes,
Ps.115.1,5,לנו כי,3-2,5,0,116,98,no,,116,98,no,
Ps.115.1,6,כי לשמך,2-4,6,1,420,2B0,no,,900,630,no,
Ps.115.1,7,לשמך תן,4-2,6,2,840,5A0,no,,1970,1182,no,
Ps.115.1,8,תן כבוד,2-4,6,1,482,342,no,,1132,7A4,no,
Ps.115.1,9,כבוד על,4-2,6,0,132,B0,no,,132,B0,no,
Ps.115.1,10,על חסדך,2-4,6,1,192,140,no,,672,480,no,
Ps.115.1,11,חסדך על,4-2,6,1,192,140,no,,672,480,no,
Ps.115.1,12,על אמתך,2-4,6,1,561,3A9,no,,1041,729,no,27
Ps.116.1,1,אהבתי כי,5-2,7,0,448,314,no,,448,314,no,
Ps.116.1,2,כי ישמע,2-4,6,0,450,316,no,,450,316,no,
Ps.116.1,3,ישמע יהוה,4-4,8,0,446,312,no,,446,312,no,
Ps.116.1,4,יהוה את,4-2,6,0,427,2B7,no,,427,2B7,no,
Ps.116.1,5,את קולי,2-4,6,0,547,397,no,,547,397,no,
Ps.116.1,6,קולי תחנוני,4-6,10,0,670,47A,no,,670,47A,no,
Ps.117.1,1,הללו את,4-2,6,0,472,334,no,,472,334,no,
Ps.117.1,2,את יהוה,2-4,6,0,427,2B7,no,,427,2B7,no,
Ps.117.1,3,יהוה כל,4-2,6,0,76,64,no,8,76,64,no,8
Ps.117.1,4,כל גוים,2-4,6,1,109,91,no,,669,479,no,
Ps.117.1,5,גוים שבחוהו,4-6,10,1,386,282,yes,,946,66A,no,
Ps.117.1,6,שבחוהו כל,6-2,8,0,377,275,no,,377,275,no,
Ps.117.1,7,כל האמים,2-5,7,1,146,102,no,,706,4AA,no,
Ps.118.1,1,הודו ליהוה,4-5,9,0,77,65,no,,77,65,no,
Ps.118.1,2,ליהוה כי,5-2,7,0,86,72,no,,86,72,no,
Ps.118.1,3,כי טוב,2-3,5,0,47,3B,no,,47,3B,no,
Ps.118.1,4,טוב כי,3-2,5,0,47,3B,no,,47,3B,no,
Ps.118.1,5,כי לעולם,2-5,7,1,206,152,no,,766,53A,no,
Ps.118.1,6,לעולם חסדו,5-4,9,1,254,192,no,,814,57A,no,
Ps.119.1,1,אשרי תמימי,4-5,9,0,1011,703,no,,1011,703,no,
Ps.119.1,2,תמימי דרך,5-3,8,1,724,504,no,,1204,844,no,
Ps.119.1,3,דרך ההלכים,3-6,9,2,334,23A,no,,1374,966,no,
Ps.119.1,4,ההלכים בתורת,6-5,11,1,1118,792,no,,1678,B7A,no,
Ps.119.1,5,בתורת יהוה,5-4,9,0,1034,722,no,,1034,722,no,
Ps.120.1,1,שיר המעלות,3-6,9,0,1061,745,no,,1061,745,no,
Ps.120.1,2,המעלות אל,6-2,8,0,582,406,no,,582,406,no,
Ps.120.1,3,אל יהוה,2-4,6,0,57,49,no,7,57,49,no,7
Ps.120.1,4,יהוה בצרתה,4-5,9,0,723,503,no,,723,503,no,
Ps.120.1,5,בצרתה לי,5-2,7,0,737,515,yes,,737,515,yes,
Ps.120.1,6,לי קראתי,2-5,7,0,751,527,no,,751,527,no,
Ps.120.1,7,קראתי ויענני,5-6,11,0,907,637,no,,907,637,no,
Ps.121.1,1,שיר למעלות,3-6,9,0,1086,766,no,,1086,766,no,
Ps.121.1,2,למעלות אשא,6-3,9,0,878,612,no,,878,612,no,
Ps.121.1,3,אשא עיני,3-4,7,0,442,30A,no,,442,30A,no,
Ps.121.1,4,עיני אל,4-2,6,0,171,123,no,,171,123,no,
Ps.121.1,5,אל ההרים,2-5,7,1,291,203,no,,851,5AB,no,
Ps.121.1,6,ההרים מאין,5-4,9,2,361,261,no,,1571,AAB,no,
Ps.121.1,7,מאין יבא,4-3,7,1,114,96,no,,764,538,no,
Ps.121.1,8,יבא עזרי,3-4,7,0,300,210,no,,300,210,no,
Ps.122.1,1,שיר המעלות,3-6,9,0,1061,745,no,,1061,745,no,
Ps.122.1,2,המעלות לדוד,6-4,10,0,595,417,no,,595,417,no,
Ps.122.1,3,לדוד שמחתי,4-5,9,0,802,56A,no,,802,56A,no,
Ps.122.1,4,שמחתי באמרים,5-6,11,1,1051,737,yes,,1611,B23,no,
Ps.122.1,5,באמרים לי,6-2,8,1,333,239,no,,893,625,no,25
Ps.122.1,6,לי בית,2-3,5,0,452,318,no,,452,318,no,
Ps.122.1,7,בית יהוה,3-4,7,0,438,306,no,,438,306,no,
Ps.122.1,8,יהוה נלך,4-3,7,1,126,A6,no,,606,426,no,
Ps.123.1,1,שיר המעלות,3-6,9,0,1061,745,no,,1061,745,no,
Ps.123.1,2,המעלות אליך,6-4,10,1,612,430,no,,1092,770,no,
Ps.123.1,3,אליך נשאתי,4-5,9,1,822,586,no,,1302,906,no,
Ps.123.1,4,נשאתי את,5-2,7,0,1162,80A,no,,1162,80A,no,
Ps.123.1,5,את עיני,2-4,6,0,541,391,no,,541,391,no,
Ps.123.1,6,עיני הישבי,4-5,9,0,467,32B,no,,467,32B,no,
Ps.123.1,7,הישבי בשמים,5-5,10,1,719,4BB,no,,1279,8A7,no,
Ps.124.1,1,שיר המעלות,3-6,9,0,1061,745,no,,1061,745,no,
Ps.124.1,2,המעלות לדוד,6-4,10,0,595,417,no,,595,417,no,
Ps.124.1,3,לדוד לולי,4-4,8,0,120,A0,no,,120,A0,no,
Ps.124.1,4,לולי יהוה,4-4,8,0,102,86,no,,102,86,no,
Ps.124.1,5,יהוה שהיה,4-4,8,0,346,24A,no,,346,24A,no,
Ps.124.1,6,שהיה לנו,4-3,7,0,406,29A,no,,406,29A,no,
Ps.124.1,7,לנו יאמר,3-4,7,0,337,241,no,,337,241,no,
Ps.124.1,8,יאמר נא,4-2,6,0,302,212,yes,,302,212,yes,
Ps.124.1,9,נא ישראל,2-5,7,0,592,414,yes,,592,414,yes,
Ps.125.1,1,שיר המעלות,3-6,9,0,1061,745,no,,1061,745,no,
Ps.125.1,2,המעלות הבטחים,6-6,12,1,625,441,no,21,1185,829,no,
Ps.125.1,3,הבטחים ביהוה,6-5,11,1,102,86,no,,662,472,no,
Ps.125.1,4,ביהוה כהר,5-3,8,0,253,191,yes,,253,191,yes,
Ps.125.1,5,כהר ציון,3-4,7,1,381,279,no,,1031,71B,no,
Ps.125.1,6,ציון לא,4-2,6,1,187,137,no,,837,599,no,
Ps.125.1,7,לא ימוט,2-4,6,0,96,80,no,,96,80,no,
Ps.125.1,8,ימוט לעולם,4-5,9,1,241,181,yes,,801,569,no,
Ps.125.1,9,לעולם ישב,5-3,8,1,488,348,no,,1048,734,no,
Ps.126.1,1,שיר המעלות,3-6,9,0,1061,745,no,,1061,745,no,
Ps.126.1,2,המעלות בשוב,6-4,10,0,861,5B9,no,,861,5B9,no,
Ps.126.1,3,בשוב יהוה,4-4,8,0,336,240,no,,336,240,no,
Ps.126.1,4,יהוה את,4-2,6,0,427,2B7,no,,427,2B7,no,
Ps.126.1,5,את שיבת,2-4,6,0,1113,789,no,,1113,789,no,
Ps.126.1,6,שיבת ציון,4-4,8,1,868,604,no,,1518,A66,no,
Ps.126.1,7,ציון היינו,4-5,9,1,237,179,no,,887,61B,no,
Ps.126.1,8,היינו כחלמים,5-6,11,1,229,171,yes,,789,559,no,
Ps.127.1,1,שיר המעלות,3-6,9,0,1061,745,no,,1061,745,no,
Ps.127.1,2,המעלות לשלמה,6-5,11,0,956,678,no,,956,678,no,
Ps.127.1,3,לשלמה אם,5-2,7,1,446,312,no,,1006,6BA,no,
Ps.127.1,4,אם יהוה,2-4,6,1,67,57,no,,627,443,no,
Ps.127.1,5,יהוה לא,4-2,6,0,57,49,no,7,57,49,no,7
Ps.127.1,6,לא יבנה,2-4,6,0,98,82,no,,98,82,no,
Ps.127.1,7,יבנה בית,4-3,7,0,479,33B,no,,479,33B,no,
Ps.127.1,8,בית שוא,3-3,6,0,719,4BB,no,,719,4BB,no,
Ps.127.1,9,שוא עמלו,3-4,7,0,453,319,no,,453,319,no,
Ps.127.1,10,עמלו בוניו,4-5,9,0,220,164,no,,220,164,no,
Ps.127.1,11,בוניו בו,5-2,7,0,82,6A,no,,82,6A,no,
Ps.127.1,12,בו אם,2-2,4,1,49,41,no,,609,429,no,
Ps.127.1,13,אם יהוה,2-4,6,1,67,57,no,,627,443,no,
Ps.127.1,14,יהוה לא,4-2,6,0,57,49,no,7,57,49,no,7
Ps.127.1,15,לא ישמר,2-4,6,0,581,405,no,,581,405,no,
Ps.127.1,16,ישמר עיר,4-3,7,0,830,592,no,,830,592,no,
Ps.127.1,17,עיר שוא,3-3,6,0,587,40B,no,,587,40B,no,
Ps.127.1,18,שוא שקד,3-3,6,0,711,4B3,no,,711,4B3,no,
Ps.127.1,19,שקד שומר,3-4,7,0,950,672,no,,950,672,no,
Ps.128.1,1,שיר המעלות,3-6,9,0,1061,745,no,,1061,745,no,
Ps.128.1,2,המעלות אשרי,6-4,10,0,1062,746,no,,1062,746,no,
Ps.128.1,3,אשרי כל,4-2,6,0,561,3A9,no,,561,3A9,no,
Ps.128.1,4,כל ירא,2-3,5,0,261,199,no,,261,199,no,
Ps.128.1,5,ירא יהוה,3-4,7,0,237,179,no,,237,179,no,
Ps.128.1,6,יהוה ההלך,4-4,8,1,86,72,no,,566,3B2,no,
Ps.128.1,7,ההלך בדרכיו,4-6,10,1,302,212,yes,,782,552,no,
Ps.129.1,1,שיר המעלות,3-6,9,0,1061,745,no,,1061,745,no,
Ps.129.1,2,המעלות רבת,6-3,9,0,1153,801,no,,1153,801,no,
Ps.129.1,3,רבת צררוני,3-6,9,0,1158,806,no,,1158,806,no,
Ps.129.1,4,צררוני מנעורי,6-6,12,0,932,658,no,,932,658,no,
Ps.129.1,5,מנעורי יאמר,6-4,10,0,627,443,no,,627,443,no,
Ps.129.1,6,יאמר נא,4-2,6,0,302,212,yes,,302,212,yes,
Ps.129.1,7,נא ישראל,2-5,7,0,592,414,yes,,592,414,yes,
Ps.130.1,1,שיר המעלות,3-6,9,0,1061,745,no,,1061,745,no,
Ps.130.1,2,המעלות ממעמקים,6-7,13,1,891,623,no,,1451,A0B,no,
Ps.130.1,3,ממעמקים קראתיך,7-6,13,2,1071,753,no,,2111,127B,no,
Ps.130.1,4,קראתיך יהוה,6-4,10,1,757,531,no,,1237,871,no,
Ps.131.1,1,שיר המעלות,3-6,9,0,1061,745,no,,1061,745,no,
Ps.131.1,2,המעלות לדוד,6-4,10,0,595,417,no,,595,417,no,
Ps.131.1,3,לדוד יהוה,4-4,8,0,70,5A,no,,70,5A,no,
Ps.131.1,4,יהוה לא,4-2,6,0,57,49,no,7,57,49,no,7
Ps.131.1,5,לא גבה,2-3,5,0,41,35,no,,41,35,no,
Ps.131.1,6,גבה לבי,3-3,6,0,52,44,yes,,52,44,yes,
Ps.131.1,7,לבי ולא,3-3,6,0,79,67,no,,79,67,no,
Ps.131.1,8,ולא רמו,3-3,6,0,283,1B7,no,,283,1B7,no,
Ps.131.1,9,רמו עיני,3-4,7,0,386,282,yes,,386,282,yes,
Ps.131.1,10,עיני ולא,4-3,7,0,177,129,no,,177,129,no,
Ps.131.1,11,ולא הלכתי,3-5,8,0,502,35A,no,,502,35A,no,
Ps.131.1,12,הלכתי בגדלות,5-6,11,0,910,63A,no,,910,63A,no,
Ps.131.1,13,בגדלות ובנפלאות,6-8,14,0,1020,710,no,,1020,710,no,
Ps.131.1,14,ובנפלאות ממני,8-4,12,0,715,4B7,no,,715,4B7,no,
Ps.132.1,1,שיר המעלות,3-6,9,0,1061,745,no,,1061,745,no,
Ps.132.1,2,המעלות זכור,6-4,10,0,784,554,no,,784,554,no,
Ps.132.1,3,זכור יהוה,4-4,8,0,259,197,no,,259,197,no,
Ps.132.1,4,יהוה לדוד,4-4,8,0,70,5A,no,,70,5A,no,
Ps.132.1,5,לדוד את,4-2,6,0,445,311,no,,445,311,no,
Ps.132.1,6,את כל,2-2,4,0,451,317,no,,451,317,no,
Ps.132.1,7,כל ענותו,2-5,7,0,582,406,no,,582,406,no,
Ps.133.1,1,שיר המעלות,3-6,9,0,1061,745,no,,1061,745,no,
Ps.133.1,2,המעלות לדוד,6-4,10,0,595,417,no,,595,417,no,
Ps.133.1,3,לדוד הנה,4-3,7,0,104,88,yes,,104,88,yes,
Ps.133.1,4,הנה מה,3-2,5,0,105,89,no,,105,89,no,
Ps.133.1,5,מה טוב,2-3,5,0,62,52,no,,62,52,no,
Ps.133.1,6,טוב ומה,3-3,6,0,68,58,no,,68,58,no,
Ps.133.1,7,ומה נעים,3-4,7,1,221,165,no,,781,551,no,
Ps.133.1,8,נעים שבת,4-3,7,1,872,608,no,,1432,9B4,no,
Ps.133.1,9,שבת אחים,3-4,7,1,761,535,yes,,1321,921,no,
Ps.133.1,10,אחים גם,4-2,6,2,102,86,no,,1222,85A,no,
Ps.133.1,11,גם יחד,2-3,5,1,65,55,yes,,625,441,no,21
Ps.134.1,1,שיר המעלות,3-6,9,0,1061,745,no,,1061,745,no,
Ps.134.1,2,המעלות הנה,6-3,9,0,611,42B,no,,611,42B,no,
Ps.134.1,3,הנה ברכו,3-4,7,0,288,200,no,,288,200,no,
Ps.134.1,4,ברכו את,4-2,6,0,629,445,no,,629,445,no,
Ps.134.1,5,את יהוה,2-4,6,0,427,2B7,no,,427,2B7,no,
Ps.134.1,6,יהוה כל,4-2,6,0,76,64,no,8,76,64,no,8
Ps.134.1,7,כל עבדי,2-4,6,0,136,B4,no,,136,B4,no,
Ps.134.1,8,עבדי יהוה,4-4,8,0,112,94,no,,112,94,no,
Ps.134.1,9,יהוה העמדים,4-6,10,1,195,143,no,,755,52B,no,
Ps.134.1,10,העמדים בבית,6-4,10,1,583,407,no,,1143,7B3,no,
Ps.134.1,11,בבית יהוה,4-4,8,0,440,308,no,,440,308,no,
Ps.134.1,12,יהוה בלילות,4-6,10,0,504,360,no,,504,360,no,
Ps.135.1,1,הללו יה,4-2,6,0,86,72,no,,86,72,no,
Ps.135.1,2,יה הללו,2-4,6,0,86,72,no,,86,72,no,
Ps.135.1,3,הללו את,4-2,6,0,472,334,no,,472,334,no,
Ps.135.1,4,את שם,2-2,4,1,741,519,no,,1301,905,no,
Ps.135.1,5,שם יהוה,2-4,6,1,366,266,no,,926,652,no,
Ps.135.1,6,יהוה הללו,4-4,8,0,97,81,no,9,97,81,no,9
Ps.135.1,7,הללו עבדי,4-4,8,0,157,111,yes,,157,111,yes,
Ps.135.1,8,עבדי יהוה,4-4,8,0,112,94,no,,112,94,no,
Ps.136.1,1,הודו ליהוה,4-5,9,0,77,65,no,,77,65,no,
Ps.136.1,2,ליהוה כי,5-2,7,0,86,72,no,,86,72,no,
Ps.136.1,3,כי טוב,2-3,5,0,47,3B,no,,47,3B,no,
Ps.136.1,4,טוב כי,3-2,5,0,47,3B,no,,47,3B,no,
Ps.136.1,5,כי לעולם,2-5,7,1,206,152,no,,766,53A,no,
Ps.136.1,6,לעולם חסדו,5-4,9,1,254,192,no,,814,57A,no,
Ps.137.1,1,על נהרות,2-5,7,0,761,535,yes,,761,535,yes,
Ps.137.1,2,נהרות בבל,5-3,8,0,695,49B,no,,695,49B,no,
Ps.137.1,3,בבל שם,3-2,5,1,374,272,yes,,934,65A,no,
Ps.137.1,4,שם ישבנו,2-5,7,1,708,4B0,no,,1268,898,yes,
Ps.137.1,5,ישבנו גם,5-2,7,1,411,2A3,no,,971,68B,no,
Ps.137.1,6,גם בכינו,2-5,7,1,131,AB,no,,691,497,no,
Ps.137.1,7,בכינו בזכרנו,5-6,11,0,373,271,no,,373,271,no,
Ps.137.1,8,בזכרנו את,6-2,8,0,686,492,no,,686,492,no,
Ps.137.1,9,את ציון,2-4,6,1,557,3A5,no,,1207,847,no,
Ps.138.1,1,לדוד אודך,4-4,8,1,75,63,no,,555,3A3,yes,
Ps.138.1,2,אודך בכל,4-3,7,1,83,6B,no,,563,3AB,no,
Ps.138.1,3,בכל לבי,3-3,6,0,94,7A,no,,94,7A,no,
Ps.138.1,4,לבי נגד,3-3,6,0,99,83,no,,99,83,no,
Ps.138.1,5,נגד אלהים,3-5,8,1,143,BB,yes,,703,4A7,no,
Ps.138.1,6,אלהים אזמרך,5-5,10,2,354,256,no,16,1394,982,no,
Ps.139.1,1,למנצח לדוד,5-4,9,0,262,19A,no,,262,19A,no,
Ps.139.1,2,לדוד מזמור,4-5,9,0,337,241,no,,337,241,no,
Ps.139.1,3,מזמור יהוה,5-4,9,0,319,227,no,,319,227,no,
Ps.139.1,4,יהוה חקרתני,4-6,10,0,794,562,no,,794,562,no,
Ps.139.1,5,חקרתני ותדע,6-4,10,0,1248,880,no,,1248,880,no,
Ps.140.1,1,למנצח מזמור,5-5,10,0,511,367,no,,511,367,no,
Ps.140.1,2,מזמור לדוד,5-4,9,0,337,241,no,,337,241,no,
Ps.141.1,1,מזמור לדוד,5-4,9,0,337,241,no,,337,241,no,
Ps.141.1,2,לדוד יהוה,4-4,8,0,70,5A,no,,70,5A,no,
Ps.141.1,3,יהוה קראתיך,4-6,10,1,757,531,no,,1237,871,no,
Ps.141.1,4,קראתיך חושה,6-4,10,1,1050,736,no,,1530,A76,no,
Ps.141.1,5,חושה לי,4-2,6,0,359,25B,no,,359,25B,no,
Ps.141.1,6,לי האזינה,2-6,8,0,118,9A,no,,118,9A,no,
Ps.141.1,7,האזינה קולי,6-4,10,0,224,168,no,,224,168,no,
Ps.141.1,8,קולי בקראי,4-5,9,0,459,323,yes,,459,323,yes,
Ps.141.1,9,בקראי לך,5-2,7,1,363,263,no,,843,5A3,no,
Ps.142.1,1,משכיל לדוד,5-4,9,0,444,310,no,,444,310,no,
Ps.142.1,2,לדוד בהיותו,4-6,10,0,473,335,no,,473,335,no,
Ps.142.1,3,בהיותו במערה,6-5,11,0,746,522,no,,746,522,no,
Ps.142.1,4,במערה תפלה,5-4,9,0,832,594,no,,832,594,no,
Ps.143.1,1,מזמור לדוד,5-4,9,0,337,241,no,,337,241,no,
Ps.143.1,2,לדוד יהוה,4-4,8,0,70,5A,no,,70,5A,no,
Ps.143.1,3,יהוה שמע,4-3,7,0,436,304,no,,436,304,no,
Ps.143.1,4,שמע תפלתי,3-5,8,0,1330,92A,no,,1330,92A,no,
Ps.143.1,5,תפלתי האזינה,5-6,11,0,998,6B2,no,,998,6B2,no,
Ps.143.1,6,האזינה אל,6-2,8,0,109,91,no,,109,91,no,
Ps.143.1,7,אל תחנוני,2-6,8,0,555,3A3,yes,,555,3A3,yes,
Ps.143.1,8,תחנוני באמנתך,6-6,12,1,1037,725,no,,1517,A65,no,
Ps.143.1,9,באמנתך ענני,6-4,10,1,693,499,no,,1173,819,no,
Ps.143.1,10,ענני בצדקתך,4-6,10,1,796,564,no,,1276,8A4,no,
Ps.144.1,1,לדוד ברוך,4-4,8,1,272,1A8,no,,752,528,no,
Ps.144.1,2,ברוך יהוה,4-4,8,1,254,192,no,,734,512,no,
Ps.144.1,3,יהוה צורי,4-4,8,0,332,238,no,,332,238,no,
Ps.144.1,4,צורי המלמד,4-5,9,0,425,2B5,no,,425,2B5,no,
Ps.144.1,5,המלמד ידי,5-3,8,0,143,BB,yes,,143,BB,yes,
Ps.144.1,6,ידי לקרב,3-4,7,0,356,258,no,,356,258,no,
Ps.144.1,7,לקרב אצבעותי,4-7,11,0,911,63B,no,,911,63B,no,
Ps.144.1,8,אצבעותי למלחמה,7-6,13,0,732,510,no,,732,510,no,
Ps.145.1,1,תהלה לדוד,4-4,8,0,484,344,no,,484,344,no,
Ps.145.1,2,לדוד ארוממך,4-6,10,1,351,253,no,,831,593,no,
Ps.145.1,3,ארוממך אלוהי,6-5,11,1,359,25B,no,,839,59B,no,
Ps.145.1,4,אלוהי המלך,5-4,9,1,147,103,no,,627,443,no,
Ps.145.1,5,המלך ואברכה,4-6,10,1,329,235,no,,809,575,yes,
Ps.145.1,6,ואברכה שמך,6-3,9,1,594,416,no,,1074,756,no,
Ps.145.1,7,שמך לעולם,3-5,8,2,536,388,no,,1576,AB4,no,
Ps.145.1,8,לעולם ועד,5-3,8,1,256,194,no,,816,580,no,
Ps.146.1,1,הללו יה,4-2,6,0,86,72,no,,86,72,no,
Ps.146.1,2,יה הללי,2-4,6,0,90,76,no,,90,76,no,
Ps.146.1,3,הללי נפשי,4-4,8,0,515,36B,no,,515,36B,no,
Ps.146.1,4,נפשי את,4-2,6,0,841,5A1,no,,841,5A1,no,
Ps.146.1,5,את יהוה,2-4,6,0,427,2B7,no,,427,2B7,no,
Ps.147.1,1,הללו יה,4-2,6,0,86,72,no,,86,72,no,
Ps.147.1,2,יה כי,2-2,4,0,45,39,no,,45,39,no,
Ps.147.1,3,כי טוב,2-3,5,0,47,3B,no,,47,3B,no,
Ps.147.1,4,טוב זמרה,3-4,7,0,269,1A5,no,,269,1A5,no,
Ps.147.1,5,זמרה אלהינו,4-6,10,0,354,256,no,16,354,256,no,16
Ps.147.1,6,אלהינו כי,6-2,8,0,132,B0,no,,132,B0,no,
Ps.147.1,7,כי נעים,2-4,6,1,200,148,no,,760,534,no,
Ps.147.1,8,נעים נאוה,4-4,8,1,232,174,no,,792,560,no,
Ps.147.1,9,נאוה תהלה,4-4,8,0,502,35A,no,,502,35A,no,
Ps.148.1,1,הללו יה,4-2,6,0,86,72,no,,86,72,no,
Ps.148.1,2,יה הללו,2-4,6,0,86,72,no,,86,72,no,
Ps.148.1,3,הללו את,4-2,6,0,472,334,no,,472,334,no,
Ps.148.1,4,את יהוה,2-4,6,0,427,2B7,no,,427,2B7,no,
Ps.148.1,5,יהוה מן,4-2,6,1,116,98,no,,766,53A,no,
Ps.148.1,6,מן השמים,2-5,7,2,485,345,no,,1695,B93,no,
Ps.148.1,7,השמים הללוהו,5-6,11,1,477,339,no,,1037,725,no,
Ps.148.1,8,הללוהו במרומים,6-7,13,1,420,2B0,no,,980,698,no,
Ps.149.1,1,הללו יה,4-2,6,0,86,72,no,,86,72,no,
Ps.149.1,2,יה שירו,2-4,6,0,531,383,yes,,531,383,yes,
Ps.149.1,3,שירו ליהוה,4-5,9,0,572,3B8,no,,572,3B8,no,
Ps.149.1,4,ליהוה שיר,5-3,8,0,566,3B2,no,,566,3B2,no,
Ps.149.1,5,שיר חדש,3-3,6,0,822,586,no,,822,586,no,
Ps.149.1,6,חדש תהלתו,3-5,8,0,1153,801,no,,1153,801,no,
Ps.149.1,7,תהלתו בקהל,5-4,9,0,978,696,yes,,978,696,yes,
Ps.149.1,8,בקהל חסידים,4-6,10,1,269,1A5,no,,829,591,no,
Ps.150.1,1,הללו יה,4-2,6,0,86,72,no,,86,72,no,
Ps.150.1,2,יה הללו,2-4,6,0,86,72,no,,86,72,no,
Ps.150.1,3,הללו אל,4-2,6,0,102,86,no,,102,86,no,
Ps.150.1,4,אל בקדשו,2-5,7,0,443,30B,no,,443,30B,no,
Ps.150.1,5,בקדשו הללוהו,5-6,11,0,494,352,no,,494,352,no,
Ps.150.1,6,הללוהו ברקיע,6-5,11,0,464,328,no,,464,328,no,
Ps.150.1,7,ברקיע עזו,5-3,8,0,465,329,no,,465,329,no,
