basis,reference,position,phrase,word_lengths,total_letters,final_form_count,value,base12,visible_square_root
standard,1Chr.1.36,6,וגעתם קנז,5-3,8,1,676,484,22
mispar-gadol,1Chr.3.1,7,לו בחברון,2-6,8,1,954,676,26
mispar-gadol,1Chr.3.4,3,לו בחברון,2-6,8,1,954,676,26
standard,1Chr.5.15,2,בן עבדיאל,2-6,8,1,169,121,11
standard,1Chr.5.15,3,עבדיאל בן,6-2,8,1,169,121,11
standard,1Chr.7.17,5,בני גלעד,3-4,7,0,169,121,11
mispar-gadol,1Chr.7.17,5,בני גלעד,3-4,7,0,169,121,11
standard,1Chr.7.39,1,ובני עלא,4-3,7,0,169,121,11
mispar-gadol,1Chr.7.39,1,ובני עלא,4-3,7,0,169,121,11
mispar-gadol,1Chr.9.25,2,בחצריהם לבוא,7-4,11,1,954,676,26
standard,1Chr.10.4,22,מאד ויקח,3-4,7,0,169,121,11
mispar-gadol,1Chr.10.4,22,מאד ויקח,3-4,7,0,169,121,11
standard,1Chr.10.5,7,ויפל גם,4-2,6,1,169,121,11
standard,1Chr.12.38,12,מלחמה מאה,5-3,8,0,169,121,11
mispar-gadol,1Chr.12.38,12,מלחמה מאה,5-3,8,0,169,121,11
standard,1Chr.13.1,4,שרי האלפים,3-6,9,1,676,484,22
standard,1Chr.13.2,4,קהל ישראל,3-5,8,0,676,484,22
mispar-gadol,1Chr.13.2,4,קהל ישראל,3-5,8,0,676,484,22
mispar-gadol,1Chr.15.1,9,האלהים ויט,6-3,9,1,676,484,22
standard,1Chr.17.17,11,כתור האדם,4-4,8,1,676,484,22
mispar-gadol,1Chr.17.23,6,על עבדך,2-4,6,1,676,484,22
mispar-gadol,1Chr.17.26,7,על עבדך,2-4,6,1,676,484,22
mispar-gadol,1Chr.19.14,7,ארם למלחמה,3-6,9,1,954,676,26
standard,1Chr.19.16,3,כי נגפו,2-4,6,0,169,121,11
mispar-gadol,1Chr.19.16,3,כי נגפו,2-4,6,0,169,121,11
standard,1Chr.19.19,4,כי נגפו,2-4,6,0,169,121,11
mispar-gadol,1Chr.19.19,4,כי נגפו,2-4,6,0,169,121,11
standard,1Chr.21.17,28,ובעמך לא,5-2,7,1,169,121,11
mispar-gadol,1Chr.21.30,7,אלהים כי,5-2,7,1,676,484,22
mispar-gadol,1Chr.22.16,1,לזהב לכסף,4-4,8,1,954,676,26
standard,1Chr.22.18,5,והניח לכם,5-3,8,1,169,121,11
standard,1Chr.23.4,9,אלף ושטרים,3-6,9,2,676,484,22
standard,1Chr.23.6,3,מחלקות לבני,6-4,10,0,676,484,22
mispar-gadol,1Chr.23.6,3,מחלקות לבני,6-4,10,0,676,484,22
standard,1Chr.26.26,13,האבות לשרי,5-4,9,0,954,676,26
mispar-gadol,1Chr.26.26,13,האבות לשרי,5-4,9,0,954,676,26
standard,1Chr.28.8,4,ישראל קהל,5-3,8,0,676,484,22
mispar-gadol,1Chr.28.8,4,ישראל קהל,5-3,8,0,676,484,22
standard,1Chr.29.2,19,אבני פוך,4-3,7,1,169,121,11
standard,1Chr.29.15,4,לפניך ותושבים,5-7,12,2,954,676,26
standard,1Kgs.1.4,2,יפה עד,3-2,5,0,169,121,11
mispar-gadol,1Kgs.1.4,2,יפה עד,3-2,5,0,169,121,11
standard,1Kgs.1.51,2,לשלמה לאמר,5-4,9,0,676,484,22
mispar-gadol,1Kgs.1.51,2,לשלמה לאמר,5-4,9,0,676,484,22
mispar-gadol,1Kgs.1.51,16,לי כיום,2-4,6,1,676,484,22
mispar-gadol,1Kgs.2.8,1,והנה עמך,4-3,7,1,676,484,22
standard,1Kgs.2.31,15,יואב מעלי,4-4,8,0,169,121,11
mispar-gadol,1Kgs.2.31,15,יואב מעלי,4-4,8,0,169,121,11
mispar-gadol,1Kgs.2.40,6,וילך גתה,4-3,7,1,954,676,26
standard,1Kgs.4.19,10,ועג מלך,3-3,6,1,169,121,11
mispar-gadol,1Kgs.5.11,13,בכל הגוים,3-5,8,1,676,484,22
mispar-gadol,1Kgs.5.15,13,משחו למלך,4-4,8,1,954,676,26
standard,1Kgs.6.5,10,סביב להיכל,4-5,9,0,169,121,11
mispar-gadol,1Kgs.6.5,10,סביב להיכל,4-5,9,0,169,121,11
standard,1Kgs.6.24,15,ועד קצות,3-4,7,0,676,484,22
mispar-gadol,1Kgs.6.24,15,ועד קצות,3-4,7,0,676,484,22
standard,1Kgs.7.7,1,ואולם הכסא,5-4,9,1,169,121,11
standard,1Kgs.7.17,10,ראש העמודים,3-7,10,1,676,484,22
standard,1Kgs.7.19,4,ראש העמודים,3-7,10,1,676,484,22
standard,1Kgs.7.22,2,ראש העמודים,3-7,10,1,676,484,22
standard,1Kgs.7.41,19,ראש העמודים,3-7,10,1,676,484,22
standard,1Kgs.8.14,8,קהל ישראל,3-5,8,0,676,484,22
mispar-gadol,1Kgs.8.14,8,קהל ישראל,3-5,8,0,676,484,22
standard,1Kgs.8.14,11,קהל ישראל,3-5,8,0,676,484,22
mispar-gadol,1Kgs.8.14,11,קהל ישראל,3-5,8,0,676,484,22
standard,1Kgs.8.22,8,קהל ישראל,3-5,8,0,676,484,22
mispar-gadol,1Kgs.8.22,8,קהל ישראל,3-5,8,0,676,484,22
standard,1Kgs.8.28,15,עבדך מתפלל,4-5,9,1,676,484,22
standard,1Kgs.8.30,3,תחנת עבדך,4-4,8,1,954,676,26
standard,1Kgs.8.36,9,כי תורם,2-4,6,1,676,484,22
standard,1Kgs.8.52,5,תחנת עבדך,4-4,8,1,954,676,26
standard,1Kgs.8.55,5,קהל ישראל,3-5,8,0,676,484,22
mispar-gadol,1Kgs.8.55,5,קהל ישראל,3-5,8,0,676,484,22
mispar-gadol,1Kgs.9.28,4,משם זהב,3-3,6,1,954,676,26
standard,1Kgs.11.18,2,ממדין ויבאו,5-5,10,1,169,121,11
standard,1Kgs.12.1,8,ישראל להמליך,5-6,11,1,676,484,22
standard,1Kgs.12.3,7,קהל ישראל,3-5,8,0,676,484,22
mispar-gadol,1Kgs.12.3,7,קהל ישראל,3-5,8,0,676,484,22
standard,1Kgs.12.32,29,הבמות אשר,5-3,8,0,954,676,26
mispar-gadol,1Kgs.12.32,29,הבמות אשר,5-3,8,0,954,676,26
standard,1Kgs.13.4,14,וישלח ירבעם,5-5,10,1,676,484,22
standard,1Kgs.13.32,17,הבמות אשר,5-3,8,0,954,676,26
mispar-gadol,1Kgs.13.32,17,הבמות אשר,5-3,8,0,954,676,26
standard,1Kgs.15.22,14,עציה אשר,4-3,7,0,676,484,22
mispar-gadol,1Kgs.15.22,14,עציה אשר,4-3,7,0,676,484,22
standard,1Kgs.17.10,17,קחי נא,3-2,5,0,169,121,11
mispar-gadol,1Kgs.17.10,17,קחי נא,3-2,5,0,169,121,11
standard,1Kgs.17.17,11,חליו חזק,4-3,7,0,169,121,11
mispar-gadol,1Kgs.17.17,11,חליו חזק,4-3,7,0,169,121,11
mispar-gadol,1Kgs.18.27,10,כי אלהים,2-5,7,1,676,484,22
mispar-gadol,1Kgs.18.28,8,עד שפך,2-3,5,1,954,676,26
standard,1Kgs.18.35,2,המים סביב,4-4,8,1,169,121,11
standard,1Kgs.19.11,11,גדולה וחזק,5-4,9,0,169,121,11
mispar-gadol,1Kgs.19.11,11,גדולה וחזק,5-4,9,0,169,121,11
mispar-gadol,1Kgs.20.34,7,מאת אביך,3-4,7,1,954,676,26
standard,1Kgs.21.6,14,בכסף או,4-2,6,1,169,121,11
standard,1Kgs.22.1,1,וישבו שלש,5-3,8,0,954,676,26
mispar-gadol,1Kgs.22.1,1,וישבו שלש,5-3,8,0,954,676,26
standard,1Kgs.22.3,13,מקחת אתה,4-3,7,0,954,676,26
mispar-gadol,1Kgs.22.3,13,מקחת אתה,4-3,7,0,954,676,26
mispar-gadol,1Kgs.22.15,7,מיכיהו הנלך,6-4,10,1,676,484,22
standard,1Kgs.22.16,3,המלך עד,4-2,6,1,169,121,11
mispar-gadol,1Kgs.22.44,1,אך הבמות,2-5,7,1,954,676,26
mispar-gadol,1Sam.1.23,7,בעיניך שבי,6-3,9,1,954,676,26
standard,1Sam.2.20,6,אשתו ואמר,4-4,8,0,954,676,26
mispar-gadol,1Sam.2.20,6,אשתו ואמר,4-4,8,0,954,676,26
standard,1Sam.2.36,7,לו לאגורת,2-6,8,0,676,484,22
mispar-gadol,1Sam.2.36,7,לו לאגורת,2-6,8,0,676,484,22
standard,1Sam.5.7,2,אנשי אשדוד,4-5,9,0,676,484,22
mispar-gadol,1Sam.5.7,2,אנשי אשדוד,4-5,9,0,676,484,22
standard,1Sam.5.7,17,ועל דגון,3-4,7,1,169,121,11
standard,1Sam.7.14,14,הציל ישראל,4-5,9,0,676,484,22
mispar-gadol,1Sam.7.14,14,הציל ישראל,4-5,9,0,676,484,22
standard,1Sam.10.26,7,עמו החיל,3-4,7,0,169,121,11
mispar-gadol,1Sam.10.26,7,עמו החיל,3-4,7,0,169,121,11
standard,1Sam.12.12,6,עמון בא,4-2,6,1,169,121,11
standard,1Sam.12.15,3,תשמעו בקול,5-4,9,0,954,676,26
mispar-gadol,1Sam.12.15,3,תשמעו בקול,5-4,9,0,954,676,26
standard,1Sam.12.21,8,יועילו ולא,6-3,9,0,169,121,11
mispar-gadol,1Sam.12.21,8,יועילו ולא,6-3,9,0,169,121,11
standard,1Sam.13.18,5,בית חרון,3-4,7,1,676,484,22
standard,1Sam.14.1,8,הנער נשא,4-3,7,0,676,484,22
mispar-gadol,1Sam.14.1,8,הנער נשא,4-3,7,0,676,484,22
standard,1Sam.14.6,4,הנער נשא,4-3,7,0,676,484,22
mispar-gadol,1Sam.14.6,4,הנער נשא,4-3,7,0,676,484,22
standard,1Sam.14.24,21,טעם כל,3-2,5,1,169,121,11
standard,1Sam.15.6,7,רדו מתוך,3-4,7,1,676,484,22
standard,1Sam.17.13,15,במלחמה אליאב,6-5,11,0,169,121,11
mispar-gadol,1Sam.17.13,15,במלחמה אליאב,6-5,11,0,169,121,11
mispar-gadol,1Sam.20.3,22,וחי נפשך,3-4,7,1,954,676,26
mispar-gadol,1Sam.20.8,3,על עבדך,2-4,6,1,676,484,22
standard,1Sam.20.9,14,לבוא עליך,4-4,8,1,169,121,11
standard,1Sam.20.33,12,מעם אביו,3-4,7,1,169,121,11
mispar-gadol,1Sam.21.5,7,לחם חל,3-2,5,1,676,484,22
mispar-gadol,1Sam.22.1,2,דוד משם,3-3,6,1,954,676,26
mispar-gadol,1Sam.22.3,2,דוד משם,3-3,6,1,954,676,26
mispar-gadol,1Sam.24.1,2,דוד משם,3-3,6,1,954,676,26
mispar-gadol,1Sam.24.12,7,מעילך בידי,5-4,9,1,676,484,22
mispar-gadol,1Sam.25.19,5,הנני אחריכם,4-6,10,1,954,676,26
mispar-gadol,1Sam.25.26,5,וחי נפשך,3-4,7,1,954,676,26
standard,1Sam.28.22,17,תלך בדרך,3-4,7,2,676,484,22
standard,1Sam.31.4,22,מאד ויקח,3-4,7,0,169,121,11
mispar-gadol,1Sam.31.4,22,מאד ויקח,3-4,7,0,169,121,11
standard,1Sam.31.5,7,ויפל גם,4-2,6,1,169,121,11
mispar-gadol,2Chr.3.14,9,עליו כרובים,4-6,10,1,954,676,26
standard,2Chr.3.15,13,ראשו אמות,4-4,8,0,954,676,26
mispar-gadol,2Chr.3.15,13,ראשו אמות,4-4,8,0,954,676,26
standard,2Chr.3.17,8,מימין ואחד,5-4,9,1,169,121,11
mispar-gadol,2Chr.4.6,16,והים לרחצה,4-5,9,1,954,676,26
standard,2Chr.4.12,6,ראש העמודים,3-7,10,1,676,484,22
standard,2Chr.4.12,18,ראש העמודים,3-7,10,1,676,484,22
standard,2Chr.6.3,8,קהל ישראל,3-5,8,0,676,484,22
mispar-gadol,2Chr.6.3,8,קהל ישראל,3-5,8,0,676,484,22
standard,2Chr.6.3,11,קהל ישראל,3-5,8,0,676,484,22
mispar-gadol,2Chr.6.3,11,קהל ישראל,3-5,8,0,676,484,22
standard,2Chr.6.12,7,קהל ישראל,3-5,8,0,676,484,22
mispar-gadol,2Chr.6.12,7,קהל ישראל,3-5,8,0,676,484,22
standard,2Chr.6.13,25,קהל ישראל,3-5,8,0,676,484,22
mispar-gadol,2Chr.6.13,25,קהל ישראל,3-5,8,0,676,484,22
standard,2Chr.6.19,15,עבדך מתפלל,4-5,9,1,676,484,22
standard,2Chr.6.27,9,כי תורם,2-4,6,1,676,484,22
mispar-gadol,2Chr.6.36,16,שוביהם אל,6-2,8,1,954,676,26
mispar-gadol,2Chr.7.1,9,והזבחים וכבוד,7-5,12,1,676,484,22
standard,2Chr.7.2,3,הכהנים לבוא,6-4,10,1,169,121,11
standard,2Chr.10.1,8,ישראל להמליך,5-6,11,1,676,484,22
standard,2Chr.11.21,17,ויולד עשרים,5-5,10,1,676,484,22
standard,2Chr.13.21,8,ויולד עשרים,5-5,10,1,676,484,22
standard,2Chr.14.9,1,ויצא אסא,4-3,7,0,169,121,11
mispar-gadol,2Chr.14.9,1,ויצא אסא,4-3,7,0,169,121,11
mispar-gadol,2Chr.15.6,6,כי אלהים,2-5,7,1,676,484,22
standard,2Chr.16.2,1,ויצא אסא,4-3,7,0,169,121,11
mispar-gadol,2Chr.16.2,1,ויצא אסא,4-3,7,0,169,121,11
standard,2Chr.16.6,12,עציה אשר,4-3,7,0,676,484,22
mispar-gadol,2Chr.16.6,12,עציה אשר,4-3,7,0,676,484,22
standard,2Chr.17.6,6,הסיר את,4-2,6,0,676,484,22
mispar-gadol,2Chr.17.6,6,הסיר את,4-2,6,0,676,484,22
standard,2Chr.18.15,3,המלך עד,4-2,6,1,169,121,11
standard,2Chr.19.11,4,הראש עליכם,4-5,9,1,676,484,22
standard,2Chr.20.12,17,נדע מה,3-2,5,0,169,121,11
mispar-gadol,2Chr.20.12,17,נדע מה,3-2,5,0,169,121,11
mispar-gadol,2Chr.20.15,11,יהוה לכם,4-3,7,1,676,484,22
mispar-gadol,2Chr.20.33,1,אך הבמות,2-5,7,1,954,676,26
standard,2Chr.21.3,3,אביהם מתנות,5-5,10,1,954,676,26
standard,2Chr.21.18,7,לחלי לאין,4-4,8,1,169,121,11
standard,2Chr.23.7,4,המלך סביב,4-4,8,1,169,121,11
standard,2Chr.23.10,18,המלך סביב,4-4,8,1,169,121,11
mispar-gadol,2Chr.25.8,14,כח באלהים,2-6,8,1,676,484,22
standard,2Chr.26.3,15,מן ירושלם,2-6,8,2,676,484,22
standard,2Chr.26.9,8,ועל שער,3-3,6,0,676,484,22
mispar-gadol,2Chr.26.9,8,ועל שער,3-3,6,0,676,484,22
standard,2Chr.28.6,8,אלף ביום,3-4,7,2,169,121,11
standard,2Chr.28.6,13,חיל בעזבם,3-5,8,1,169,121,11
mispar-gadol,2Chr.28.15,27,אחיהם וישובו,5-6,11,1,954,676,26
mispar-gadol,2Chr.29.17,9,באו לאולם,3-5,8,1,676,484,22
mispar-gadol,2Chr.29.22,12,הדם המזבחה,3-6,9,1,676,484,22
mispar-gadol,2Chr.29.22,17,הדם המזבחה,3-6,9,1,676,484,22
standard,2Chr.30.1,17,לעשות פסח,5-3,8,0,954,676,26
mispar-gadol,2Chr.30.1,17,לעשות פסח,5-3,8,0,954,676,26
standard,2Chr.30.5,12,לעשות פסח,5-3,8,0,954,676,26
mispar-gadol,2Chr.30.5,12,לעשות פסח,5-3,8,0,954,676,26
standard,2Chr.32.12,4,הסיר את,4-2,6,0,676,484,22
mispar-gadol,2Chr.32.12,4,הסיר את,4-2,6,0,676,484,22
standard,2Chr.33.3,4,הבמות אשר,5-3,8,0,954,676,26
mispar-gadol,2Chr.33.3,4,הבמות אשר,5-3,8,0,954,676,26
standard,2Chr.34.4,7,אשר למעלה,3-5,8,0,676,484,22
mispar-gadol,2Chr.34.4,7,אשר למעלה,3-5,8,0,676,484,22
standard,2Chr.35.21,20,לבהלני חדל,6-3,9,0,169,121,11
mispar-gadol,2Chr.35.21,20,לבהלני חדל,6-3,9,0,169,121,11
standard,2Chr.36.8,17,יהויכין בנו,7-3,10,1,169,121,11
standard,2Chr.36.16,10,עלות חמת,4-3,7,0,954,676,26
mispar-gadol,2Chr.36.16,10,עלות חמת,4-3,7,0,954,676,26
mispar-gadol,2Kgs.1.11,12,האלהים כה,6-2,8,1,676,484,22
mispar-gadol,2Kgs.2.2,18,וחי נפשך,3-4,7,1,954,676,26
mispar-gadol,2Kgs.2.4,15,וחי נפשך,3-4,7,1,954,676,26
mispar-gadol,2Kgs.2.6,14,וחי נפשך,3-4,7,1,954,676,26
standard,2Kgs.2.22,2,המים עד,4-2,6,1,169,121,11
standard,2Kgs.3.15,4,מנגן והיה,4-4,8,1,169,121,11
mispar-gadol,2Kgs.4.10,8,שם מטה,2-3,5,1,954,676,26
mispar-gadol,2Kgs.4.30,6,וחי נפשך,3-4,7,1,954,676,26
standard,2Kgs.4.42,7,האלהים לחם,6-3,9,2,169,121,11
standard,2Kgs.5.23,5,ככרים ויפרץ,5-5,10,2,676,484,22
standard,2Kgs.6.12,3,מעבדיו לוא,6-3,9,0,169,121,11
mispar-gadol,2Kgs.6.12,3,מעבדיו לוא,6-3,9,0,169,121,11
standard,2Kgs.11.8,3,המלך סביב,4-4,8,1,169,121,11
standard,2Kgs.11.11,16,המלך סביב,4-4,8,1,169,121,11
standard,2Kgs.13.15,5,קשת וחצים,3-5,8,1,954,676,26
standard,2Kgs.13.15,9,קשת וחצים,3-5,8,1,954,676,26
standard,2Kgs.14.2,15,מן ירושלם,2-6,8,2,676,484,22
standard,2Kgs.14.9,1,וישלח יהואש,5-5,10,0,676,484,22
mispar-gadol,2Kgs.14.9,1,וישלח יהואש,5-5,10,0,676,484,22
mispar-gadol,2Kgs.15.12,9,בני רביעים,3-6,9,1,954,676,26
mispar-gadol,2Kgs.16.8,13,וישלח למלך,5-4,9,1,954,676,26
mispar-gadol,2Kgs.16.16,6,צוה המלך,3-4,7,1,676,484,22
standard,2Kgs.17.28,6,משמרון וישב,6-4,10,1,954,676,26
standard,2Kgs.17.29,8,הבמות אשר,5-3,8,0,954,676,26
mispar-gadol,2Kgs.17.29,8,הבמות אשר,5-3,8,0,954,676,26
standard,2Kgs.17.41,10,עבדים גם,5-2,7,2,169,121,11
standard,2Kgs.18.4,2,הסיר את,4-2,6,0,676,484,22
mispar-gadol,2Kgs.18.4,2,הסיר את,4-2,6,0,676,484,22
standard,2Kgs.18.16,11,אשר צפה,3-3,6,0,676,484,22
mispar-gadol,2Kgs.18.16,11,אשר צפה,3-3,6,0,676,484,22
mispar-gadol,2Kgs.19.18,3,אלהיהם באש,6-3,9,1,954,676,26
standard,2Kgs.19.27,6,התרגזך אלי,6-3,9,1,676,484,22
standard,2Kgs.19.28,2,התרגזך אלי,6-3,9,1,676,484,22
standard,2Kgs.21.3,4,הבמות אשר,5-3,8,0,954,676,26
mispar-gadol,2Kgs.21.3,4,הבמות אשר,5-3,8,0,954,676,26
standard,2Kgs.21.9,6,את הרע,2-3,5,0,676,484,22
mispar-gadol,2Kgs.21.9,6,את הרע,2-3,5,0,676,484,22
standard,2Kgs.21.15,4,את הרע,2-3,5,0,676,484,22
mispar-gadol,2Kgs.21.15,4,את הרע,2-3,5,0,676,484,22
standard,2Kgs.23.8,9,הבמות אשר,5-3,8,0,954,676,26
mispar-gadol,2Kgs.23.8,9,הבמות אשר,5-3,8,0,954,676,26
standard,2Kgs.23.13,2,הבמות אשר,5-3,8,0,954,676,26
mispar-gadol,2Kgs.23.13,2,הבמות אשר,5-3,8,0,954,676,26
standard,2Kgs.23.19,5,הבמות אשר,5-3,8,0,954,676,26
mispar-gadol,2Kgs.23.19,5,הבמות אשר,5-3,8,0,954,676,26
standard,2Kgs.23.20,5,הבמות אשר,5-3,8,0,954,676,26
mispar-gadol,2Kgs.23.20,5,הבמות אשר,5-3,8,0,954,676,26
standard,2Kgs.24.6,6,יהויכין בנו,7-3,10,1,169,121,11
standard,2Kgs.25.17,12,שלש אמה,3-3,6,0,676,484,22
mispar-gadol,2Kgs.25.17,12,שלש אמה,3-3,6,0,676,484,22
standard,2Sam.2.15,2,ויעברו במספר,6-5,11,0,676,484,22
mispar-gadol,2Sam.2.15,2,ויעברו במספר,6-5,11,0,676,484,22
standard,2Sam.2.25,1,ויתקבצו בני,7-3,10,0,676,484,22
mispar-gadol,2Sam.2.25,1,ויתקבצו בני,7-3,10,0,676,484,22
mispar-gadol,2Sam.3.12,2,אבנר מלאכים,4-6,10,1,954,676,26
standard,2Sam.3.26,2,יואב מעם,4-3,7,1,169,121,11
standard,2Sam.6.17,16,עלות לפני,4-4,8,0,676,484,22
mispar-gadol,2Sam.6.17,16,עלות לפני,4-4,8,0,676,484,22
standard,2Sam.6.21,10,מאביך ומכל,5-4,9,1,169,121,11
standard,2Sam.6.22,1,ונקלתי עוד,6-3,9,0,676,484,22
mispar-gadol,2Sam.6.22,1,ונקלתי עוד,6-3,9,0,676,484,22
mispar-gadol,2Sam.7.25,7,על עבדך,2-4,6,1,676,484,22
standard,2Sam.10.19,6,כי נגפו,2-4,6,0,169,121,11
mispar-gadol,2Sam.10.19,6,כי נגפו,2-4,6,0,169,121,11
mispar-gadol,2Sam.11.11,28,וחי נפשך,3-4,7,1,954,676,26
standard,2Sam.11.21,6,ירבשת הלוא,5-4,9,0,954,676,26
mispar-gadol,2Sam.11.21,6,ירבשת הלוא,5-4,9,0,954,676,26
standard,2Sam.11.21,8,אשה השליכה,3-6,9,0,676,484,22
mispar-gadol,2Sam.11.21,8,אשה השליכה,3-6,9,0,676,484,22
standard,2Sam.12.28,6,וחנה על,4-2,6,0,169,121,11
mispar-gadol,2Sam.12.28,6,וחנה על,4-2,6,0,169,121,11
standard,2Sam.14.8,7,ואני אצוה,4-4,8,0,169,121,11
mispar-gadol,2Sam.14.8,7,ואני אצוה,4-4,8,0,169,121,11
standard,2Sam.14.17,8,למנוחה כי,6-2,8,0,169,121,11
mispar-gadol,2Sam.14.17,8,למנוחה כי,6-2,8,0,169,121,11
standard,2Sam.14.26,12,עליו וגלחו,4-5,9,0,169,121,11
mispar-gadol,2Sam.14.26,12,עליו וגלחו,4-5,9,0,169,121,11
standard,2Sam.14.30,11,שערים לכו,5-3,8,1,676,484,22
standard,2Sam.15.20,16,אחיך עמך,4-3,7,2,169,121,11
standard,2Sam.16.1,5,והנה ציבא,4-4,8,0,169,121,11
mispar-gadol,2Sam.16.1,5,והנה ציבא,4-4,8,0,169,121,11
standard,2Sam.17.9,5,באחת הפחתים,4-6,10,1,954,676,26
mispar-gadol,2Sam.18.12,20,צוה המלך,3-4,7,1,676,484,22
standard,2Sam.19.25,20,המלך עד,4-2,6,1,169,121,11
standard,2Sam.19.43,19,האכול אכלנו,5-5,10,0,169,121,11
mispar-gadol,2Sam.19.43,19,האכול אכלנו,5-5,10,0,169,121,11
standard,2Sam.21.9,8,ויפלו שבעתים,5-6,11,1,954,676,26
mispar-gadol,2Sam.21.14,16,צוה המלך,3-4,7,1,676,484,22
standard,2Sam.22.21,1,יגמלני יהוה,6-4,10,0,169,121,11
mispar-gadol,2Sam.22.21,1,יגמלני יהוה,6-4,10,0,169,121,11
standard,2Sam.22.26,2,חסיד תתחסד,4-5,9,0,954,676,26
mispar-gadol,2Sam.22.26,2,חסיד תתחסד,4-5,9,0,954,676,26
standard,2Sam.22.29,2,אתה נירי,3-4,7,0,676,484,22
mispar-gadol,2Sam.22.29,2,אתה נירי,3-4,7,0,676,484,22
standard,2Sam.22.33,1,האל מעוזי,3-5,8,0,169,121,11
mispar-gadol,2Sam.22.33,1,האל מעוזי,3-5,8,0,169,121,11
standard,2Sam.22.44,6,גוים עם,4-2,6,2,169,121,11
standard,2Sam.24.13,15,אם שלשה,2-4,6,1,676,484,22
standard,Amos.1.5,11,עדן וגלו,3-4,7,1,169,121,11
standard,Amos.2.9,11,הוא כאלונים,3-7,10,1,169,121,11
standard,Amos.2.14,1,ואבד מנוס,4-4,8,0,169,121,11
mispar-gadol,Amos.2.14,1,ואבד מנוס,4-4,8,0,169,121,11
mispar-gadol,Amos.4.9,10,יאכל הגזם,4-4,8,1,676,484,22
mispar-gadol,Amos.9.9,6,בכל הגוים,3-5,8,1,676,484,22
standard,Dan.1.21,2,דניאל עד,5-2,7,0,169,121,11
mispar-gadol,Dan.1.21,2,דניאל עד,5-2,7,0,169,121,11
standard,Dan.2.8,11,זבנין כל,5-2,7,1,169,121,11
standard,Dan.2.27,10,לא חכימין,2-6,8,1,169,121,11
standard,Dan.2.43,14,דנה עם,3-2,5,1,169,121,11
standard,Dan.2.43,15,עם דנה,2-3,5,1,169,121,11
standard,Dan.3.2,18,די הקים,2-4,6,1,169,121,11
standard,Dan.3.3,15,די הקים,2-4,6,1,169,121,11
standard,Dan.3.3,22,די הקים,2-4,6,1,169,121,11
standard,Dan.3.5,18,די הקים,2-4,6,1,169,121,11
standard,Dan.3.7,27,די הקים,2-4,6,1,169,121,11
standard,Dan.3.29,18,נגוא הדמין,4-5,9,1,169,121,11
standard,Dan.4.31,12,ברכת ולחי,4-4,8,0,676,484,22
mispar-gadol,Dan.4.31,12,ברכת ולחי,4-4,8,0,676,484,22
standard,Dan.5.1,10,חמרא שתה,4-3,7,0,954,676,26
mispar-gadol,Dan.5.1,10,חמרא שתה,4-3,7,0,954,676,26
standard,Dan.6.13,11,רשמת די,4-2,6,0,954,676,26
mispar-gadol,Dan.6.13,11,רשמת די,4-2,6,0,954,676,26
standard,Dan.6.14,21,די רשמת,2-4,6,0,954,676,26
mispar-gadol,Dan.6.14,21,די רשמת,2-4,6,0,954,676,26
standard,Dan.6.20,2,מלכא בשפרפרא,4-7,11,0,954,676,26
mispar-gadol,Dan.6.20,2,מלכא בשפרפרא,4-7,11,0,954,676,26
standard,Dan.7.16,7,אבעא מנה,4-3,7,0,169,121,11
mispar-gadol,Dan.7.16,7,אבעא מנה,4-3,7,0,169,121,11
standard,Dan.7.23,13,מלכותא ותאכל,6-5,11,0,954,676,26
mispar-gadol,Dan.7.23,13,מלכותא ותאכל,6-5,11,0,954,676,26
standard,Dan.8.27,14,ואין מבין,4-4,8,2,169,121,11
mispar-gadol,Dan.10.5,8,לבוש בדים,4-4,8,1,954,676,26
mispar-gadol,Dan.10.9,11,נרדם על,4-2,6,1,954,676,26
mispar-gadol,Dan.10.20,4,באתי אליך,4-4,8,1,954,676,26
mispar-gadol,Dan.11.22,6,וגם נגיד,3-4,7,1,676,484,22
mispar-gadol,Deut.1.2,4,מחרב דרך,4-3,7,1,954,676,26
standard,Deut.1.4,11,עוג מלך,3-3,6,1,169,121,11
standard,Deut.3.1,6,עוג מלך,3-3,6,1,169,121,11
standard,Deut.3.3,7,עוג מלך,3-3,6,1,169,121,11
standard,Deut.3.11,3,עוג מלך,3-3,6,1,169,121,11
standard,Deut.4.20,12,נחלה כיום,4-4,8,1,169,121,11
standard,Deut.4.25,5,בנים ונושנתם,4-7,11,2,954,676,26
mispar-gadol,Deut.4.28,11,יראון ולא,5-3,8,1,954,676,26
standard,Deut.4.30,13,ושמעת בקלו,5-4,9,0,954,676,26
mispar-gadol,Deut.4.30,13,ושמעת בקלו,5-4,9,0,954,676,26
mispar-gadol,Deut.4.34,23,לכם יהוה,3-4,7,1,676,484,22
standard,Deut.4.38,12,נחלה כיום,4-4,8,1,169,121,11
standard,Deut.4.47,6,עוג מלך,3-3,6,1,169,121,11
mispar-gadol,Deut.7.20,7,בם עד,2-2,4,1,676,484,22
standard,Deut.11.15,4,לבהמתך ואכלת,6-5,11,1,954,676,26
standard,Deut.12.10,11,והניח לכם,5-3,8,1,169,121,11
standard,Deut.14.11,3,טהרה תאכלו,4-5,9,0,676,484,22
mispar-gadol,Deut.14.11,3,טהרה תאכלו,4-5,9,0,676,484,22
mispar-gadol,Deut.15.9,7,לבבך בליעל,4-5,9,1,676,484,22
standard,Deut.17.2,16,את הרע,2-3,5,0,676,484,22
mispar-gadol,Deut.17.2,16,את הרע,2-3,5,0,676,484,22
mispar-gadol,Deut.18.7,6,אחיו הלוים,4-5,9,1,676,484,22
standard,Deut.18.12,7,ובגלל התועבת,5-6,11,0,954,676,26
mispar-gadol,Deut.18.12,7,ובגלל התועבת,5-6,11,0,954,676,26
standard,Deut.18.14,11,קסמים ישמעו,5-5,10,1,676,484,22
standard,Deut.19.9,26,השלש האלה,4-4,8,0,676,484,22
mispar-gadol,Deut.19.9,26,השלש האלה,4-4,8,0,676,484,22
standard,Deut.21.6,10,ידיהם על,5-2,7,1,169,121,11
standard,Deut.23.1,9,כנף אביו,3-4,7,1,169,121,11
mispar-gadol,Deut.23.22,14,מעמך והיה,4-4,8,1,676,484,22
mispar-gadol,Deut.27.5,10,עליהם ברזל,5-4,9,1,954,676,26
standard,Deut.27.10,1,ושמעת בקול,5-4,9,0,954,676,26
mispar-gadol,Deut.27.10,1,ושמעת בקול,5-4,9,0,954,676,26
standard,Deut.27.20,8,כנף אביו,3-4,7,1,169,121,11
standard,Deut.28.33,3,וכל יגיעך,3-5,8,1,169,121,11
mispar-gadol,Deut.28.65,7,מנוח לכף,4-3,7,1,954,676,26
mispar-gadol,Deut.29.3,3,יהוה לכם,4-3,7,1,676,484,22
mispar-gadol,Deut.30.1,16,בכל הגוים,3-5,8,1,676,484,22
standard,Deut.30.2,5,ושמעת בקלו,5-4,9,0,954,676,26
mispar-gadol,Deut.30.2,5,ושמעת בקלו,5-4,9,0,954,676,26
standard,Deut.30.8,3,ושמעת בקול,5-4,9,0,954,676,26
mispar-gadol,Deut.30.8,3,ושמעת בקול,5-4,9,0,954,676,26
standard,Deut.31.29,21,את הרע,2-3,5,0,676,484,22
mispar-gadol,Deut.31.29,21,את הרע,2-3,5,0,676,484,22
standard,Deut.31.30,5,קהל ישראל,3-5,8,0,676,484,22
mispar-gadol,Deut.31.30,5,קהל ישראל,3-5,8,0,676,484,22
standard,Deut.32.3,6,גדל לאלהינו,3-7,10,0,169,121,11
mispar-gadol,Deut.32.3,6,גדל לאלהינו,3-7,10,0,169,121,11
standard,Deut.32.4,2,תמים פעלו,4-4,8,1,676,484,22
standard,Deut.32.4,9,אמונה ואין,5-4,9,1,169,121,11
standard,Deut.32.27,2,כעס אויב,3-4,7,0,169,121,11
mispar-gadol,Deut.32.27,2,כעס אויב,3-4,7,0,169,121,11
mispar-gadol,Eccl.2.10,7,מהם לא,3-2,5,1,676,484,22
standard,Eccl.2.26,4,לפניו נתן,5-3,8,1,676,484,22
standard,Eccl.3.21,10,הבהמה הירדת,5-5,10,0,676,484,22
mispar-gadol,Eccl.3.21,10,הבהמה הירדת,5-5,10,0,676,484,22
standard,Eccl.7.15,2,הכל ראיתי,3-5,8,0,676,484,22
mispar-gadol,Eccl.7.15,2,הכל ראיתי,3-5,8,0,676,484,22
mispar-gadol,Eccl.8.8,2,אדם שליט,3-4,7,1,954,676,26
mispar-gadol,Eccl.8.17,8,יוכל האדם,4-4,8,1,676,484,22
standard,Eccl.9.12,22,עליהם פתאם,5-4,9,2,676,484,22
standard,Esth.1.8,7,יסד המלך,3-4,7,1,169,121,11
standard,Esth.4.4,18,ולא קבל,3-3,6,0,169,121,11
mispar-gadol,Esth.4.4,18,ולא קבל,3-3,6,0,169,121,11
standard,Exod.1.10,16,בנו ועלה,3-4,7,0,169,121,11
mispar-gadol,Exod.1.10,16,בנו ועלה,3-4,7,0,169,121,11
standard,Exod.3.1,3,רעה את,3-2,5,0,676,484,22
mispar-gadol,Exod.3.1,3,רעה את,3-2,5,0,676,484,22
standard,Exod.3.4,5,לראות ויקרא,5-5,10,0,954,676,26
mispar-gadol,Exod.3.4,5,לראות ויקרא,5-5,10,0,954,676,26
standard,Exod.4.7,4,אל חיקך,2-4,6,1,169,121,11
standard,Exod.4.8,13,האת האחרון,3-6,9,1,676,484,22
standard,Exod.4.20,11,ארצה מצרים,4-5,9,1,676,484,22
mispar-gadol,Exod.7.29,2,ובעמך ובכל,5-4,9,1,676,484,22
mispar-gadol,Exod.9.2,5,לשלח ועודך,4-5,9,1,954,676,26
standard,Exod.10.25,8,ועלות ועשינו,5-6,11,0,954,676,26
mispar-gadol,Exod.10.25,8,ועלות ועשינו,5-6,11,0,954,676,26
standard,Exod.10.26,17,נדע מה,3-2,5,0,169,121,11
mispar-gadol,Exod.10.26,17,נדע מה,3-2,5,0,169,121,11
standard,Exod.10.29,3,כן דברת,2-4,6,1,676,484,22
mispar-gadol,Exod.12.6,1,והיה לכם,4-3,7,1,676,484,22
mispar-gadol,Exod.12.25,8,יהוה לכם,4-3,7,1,676,484,22
standard,Exod.12.39,10,לא חמץ,2-3,5,1,169,121,11
mispar-gadol,Exod.14.2,16,צפן נכחו,3-4,7,1,954,676,26
mispar-gadol,Exod.16.8,4,יהוה לכם,4-3,7,1,676,484,22
mispar-gadol,Exod.16.15,22,יהוה לכם,4-3,7,1,676,484,22
standard,Exod.16.23,23,הניחו לכם,5-3,8,1,169,121,11
standard,Exod.17.2,15,עמדי מה,4-2,6,0,169,121,11
mispar-gadol,Exod.17.2,15,עמדי מה,4-2,6,0,169,121,11
mispar-gadol,Exod.18.10,17,יד מצרים,2-5,7,1,954,676,26
mispar-gadol,Exod.20.11,15,בם וינח,2-4,6,1,676,484,22
standard,Exod.23.15,10,צויתך למועד,5-5,10,1,676,484,22
standard,Exod.23.21,4,בקלו אל,4-2,6,0,169,121,11
mispar-gadol,Exod.23.21,4,בקלו אל,4-2,6,0,169,121,11
standard,Exod.24.17,5,אכלת בראש,4-4,8,0,954,676,26
mispar-gadol,Exod.24.17,5,אכלת בראש,4-4,8,0,954,676,26
mispar-gadol,Exod.26.19,1,וארבעים אדני,7-4,11,1,954,676,26
mispar-gadol,Exod.27.16,15,ארבעה ואדניהם,5-7,12,1,954,676,26
mispar-gadol,Exod.27.16,16,ואדניהם ארבעה,7-5,12,1,954,676,26
standard,Exod.29.10,11,ידיהם על,5-2,7,1,169,121,11
standard,Exod.29.15,9,ידיהם על,5-2,7,1,169,121,11
standard,Exod.29.19,9,ידיהם על,5-2,7,1,169,121,11
standard,Exod.29.42,1,עלת תמיד,3-4,7,0,954,676,26
mispar-gadol,Exod.29.42,1,עלת תמיד,3-4,7,0,954,676,26
standard,Exod.32.32,6,אין מחני,3-4,7,1,169,121,11
standard,Exod.34.18,10,צויתך למועד,5-5,10,1,676,484,22
mispar-gadol,Exod.36.24,1,וארבעים אדני,7-4,11,1,954,676,26
mispar-gadol,Exod.38.19,2,ארבעה ואדניהם,5-7,12,1,954,676,26
mispar-gadol,Exod.38.19,3,ואדניהם ארבעה,7-5,12,1,954,676,26
mispar-gadol,Exod.40.21,10,ויסך על,4-2,6,1,676,484,22
standard,Ezek.1.8,9,וכנפיהם לארבעתם,7-7,14,2,954,676,26
standard,Ezek.3.10,10,אליך קח,4-2,6,1,169,121,11
standard,Ezek.3.21,4,צדיק לבלתי,4-5,9,0,676,484,22
mispar-gadol,Ezek.3.21,4,צדיק לבלתי,4-5,9,0,676,484,22
standard,Ezek.5.10,3,יאכלו בנים,5-4,9,1,169,121,11
mispar-gadol,Ezek.7.11,5,לא מהם,2-3,5,1,676,484,22
standard,Ezek.9.2,8,אשר מפנה,3-4,7,0,676,484,22
mispar-gadol,Ezek.9.2,8,אשר מפנה,3-4,7,0,676,484,22
mispar-gadol,Ezek.12.23,20,אליהם קרבו,5-4,9,1,954,676,26
mispar-gadol,Ezek.13.10,9,שלום והוא,4-4,8,1,954,676,26
standard,Ezek.18.17,6,לא לקח,2-3,5,0,169,121,11
mispar-gadol,Ezek.18.17,6,לא לקח,2-3,5,0,169,121,11
standard,Ezek.21.9,6,ורשע לכן,4-3,7,1,676,484,22
standard,Ezek.23.18,8,מעליה כאשר,5-4,9,0,676,484,22
mispar-gadol,Ezek.23.18,8,מעליה כאשר,5-4,9,0,676,484,22
standard,Ezek.23.23,10,אשור אותם,4-4,8,1,954,676,26
standard,Ezek.28.12,18,חכמה וכליל,4-5,9,0,169,121,11
mispar-gadol,Ezek.28.12,18,חכמה וכליל,4-5,9,0,169,121,11
standard,Ezek.32.27,20,עצמותם כי,6-2,8,1,676,484,22
standard,Ezek.36.25,10,אטהר אתכם,4-4,8,1,676,484,22
standard,Ezek.40.40,14,לאלם השער,4-4,8,1,676,484,22
standard,Ezek.41.9,8,אמות ואשר,4-4,8,0,954,676,26
mispar-gadol,Ezek.41.9,8,אמות ואשר,4-4,8,0,954,676,26
standard,Ezek.45.7,19,ומפאת קדמה,5-4,9,0,676,484,22
mispar-gadol,Ezek.45.7,19,ומפאת קדמה,5-4,9,0,676,484,22
standard,Ezek.47.17,8,דמשק וצפון,4-5,9,1,676,484,22
standard,Ezek.48.32,11,יוסף אחד,4-3,7,1,169,121,11
standard,Ezra.3.2,18,עלות ככתוב,4-5,9,0,954,676,26
mispar-gadol,Ezra.3.2,18,עלות ככתוב,4-5,9,0,954,676,26
standard,Ezra.3.4,5,ככתוב ועלת,5-4,9,0,954,676,26
mispar-gadol,Ezra.3.4,5,ככתוב ועלת,5-4,9,0,954,676,26
standard,Ezra.3.5,3,עלת תמיד,3-4,7,0,954,676,26
mispar-gadol,Ezra.3.5,3,עלת תמיד,3-4,7,0,954,676,26
mispar-gadol,Ezra.4.4,4,מרפים ידי,5-3,8,1,954,676,26
standard,Ezra.5.12,18,ועמה הגלי,4-4,8,0,169,121,11
mispar-gadol,Ezra.5.12,18,ועמה הגלי,4-4,8,0,169,121,11
mispar-gadol,Ezra.7.22,1,עד כסף,2-3,5,1,954,676,26
standard,Ezra.8.1,9,המלך מבבל,4-4,8,1,169,121,11
standard,Ezra.9.6,12,למעלה ראש,5-3,8,0,676,484,22
mispar-gadol,Ezra.9.6,12,למעלה ראש,5-3,8,0,676,484,22
mispar-gadol,Ezra.10.34,4,עמרם ואואל,4-5,9,1,954,676,26
mispar-gadol,Gen.1.10,10,אלהים כי,5-2,7,1,676,484,22
mispar-gadol,Gen.1.12,16,אלהים כי,5-2,7,1,676,484,22
mispar-gadol,Gen.1.18,10,אלהים כי,5-2,7,1,676,484,22
mispar-gadol,Gen.1.21,21,אלהים כי,5-2,7,1,676,484,22
mispar-gadol,Gen.1.25,16,אלהים כי,5-2,7,1,676,484,22
mispar-gadol,Gen.3.5,3,אלהים כי,5-2,7,1,676,484,22
standard,Gen.3.5,5,ביום אכלכם,4-5,9,2,169,121,11
standard,Gen.3.22,7,כאחד ממנו,4-4,8,0,169,121,11
mispar-gadol,Gen.3.22,7,כאחד ממנו,4-4,8,0,169,121,11
mispar-gadol,Gen.8.9,4,מנוח לכף,4-3,7,1,954,676,26
mispar-gadol,Gen.10.6,1,ובני חם,4-2,6,1,676,484,22
standard,Gen.14.23,4,שרוך נעל,4-3,7,1,676,484,22
standard,Gen.14.24,14,הם יקחו,2-4,6,1,169,121,11
standard,Gen.15.12,1,ויהי השמש,4-4,8,0,676,484,22
mispar-gadol,Gen.15.12,1,ויהי השמש,4-4,8,0,676,484,22
standard,Gen.15.12,12,נפלת עליו,4-4,8,0,676,484,22
mispar-gadol,Gen.15.12,12,נפלת עליו,4-4,8,0,676,484,22
standard,Gen.15.17,1,ויהי השמש,4-4,8,0,676,484,22
mispar-gadol,Gen.15.17,1,ויהי השמש,4-4,8,0,676,484,22
standard,Gen.16.2,19,לקול שרי,4-3,7,0,676,484,22
mispar-gadol,Gen.16.2,19,לקול שרי,4-3,7,0,676,484,22
mispar-gadol,Gen.17.2,6,אותך במאד,4-4,8,1,954,676,26
standard,Gen.18.4,1,יקח נא,3-2,5,0,169,121,11
mispar-gadol,Gen.18.4,1,יקח נא,3-2,5,0,169,121,11
standard,Gen.18.12,8,לי עדנה,2-4,6,0,169,121,11
mispar-gadol,Gen.18.12,8,לי עדנה,2-4,6,0,169,121,11
standard,Gen.19.1,8,בשער סדם,4-3,7,1,676,484,22
standard,Gen.24.20,12,לכל גמליו,3-5,8,0,169,121,11
mispar-gadol,Gen.24.20,12,לכל גמליו,3-5,8,0,169,121,11
mispar-gadol,Gen.25.33,4,לי כיום,2-4,6,1,676,484,22
standard,Gen.26.7,5,ויאמר אחתי,5-4,9,0,676,484,22
mispar-gadol,Gen.26.7,5,ויאמר אחתי,5-4,9,0,676,484,22
standard,Gen.27.45,12,ולקחתיך משם,7-3,10,2,954,676,26
mispar-gadol,Gen.27.45,15,אשכל גם,4-2,6,1,954,676,26
standard,Gen.27.46,1,ותאמר רבקה,5-4,9,0,954,676,26
mispar-gadol,Gen.27.46,1,ותאמר רבקה,5-4,9,0,954,676,26
mispar-gadol,Gen.28.20,6,יהיה אלהים,4-5,9,1,676,484,22
mispar-gadol,Gen.29.9,3,עמם ורחל,3-4,7,1,954,676,26
standard,Gen.29.29,3,לרחל בתו,4-3,7,0,676,484,22
mispar-gadol,Gen.29.29,3,לרחל בתו,4-3,7,0,676,484,22
standard,Gen.30.36,9,רעה את,3-2,5,0,676,484,22
mispar-gadol,Gen.30.36,9,רעה את,3-2,5,0,676,484,22
standard,Gen.30.38,9,אשר תבאן,3-4,7,1,954,676,26
standard,Gen.31.32,12,מה עמדי,2-4,6,0,169,121,11
mispar-gadol,Gen.31.32,12,מה עמדי,2-4,6,0,169,121,11
standard,Gen.31.40,2,ביום אכלני,4-5,9,1,169,121,11
standard,Gen.32.26,9,ותקע כף,4-2,6,1,676,484,22
standard,Gen.33.12,4,ואלכה לנגדך,5-5,10,1,169,121,11
standard,Gen.34.22,11,בהמול לנו,5-3,8,0,169,121,11
mispar-gadol,Gen.34.22,11,בהמול לנו,5-3,8,0,169,121,11
standard,Gen.36.17,12,אלוף מזה,4-3,7,1,169,121,11
standard,Gen.37.2,10,רעה את,3-2,5,0,676,484,22
mispar-gadol,Gen.37.2,10,רעה את,3-2,5,0,676,484,22
standard,Gen.41.39,12,אין נבון,3-4,7,2,169,121,11
standard,Gen.42.13,3,עשר עבדיך,3-5,8,1,676,484,22
mispar-gadol,Gen.42.24,4,וישב אלהם,4-4,8,1,954,676,26
standard,Gen.46.25,7,לרחל בתו,4-3,7,0,676,484,22
mispar-gadol,Gen.46.25,7,לרחל בתו,4-3,7,0,676,484,22
standard,Gen.47.16,2,יוסף הבו,4-3,7,1,169,121,11
mispar-gadol,Gen.50.22,3,במצרים הוא,6-3,9,1,954,676,26
standard,Hab.1.2,8,אליך חמס,4-3,7,1,169,121,11
standard,Hab.3.15,1,דרכת בים,4-3,7,1,676,484,22
standard,Hab.3.16,16,לעלות לעם,5-3,8,1,676,484,22
mispar-gadol,Hag.1.5,8,על דרכיכם,2-6,8,1,954,676,26
mispar-gadol,Hag.1.7,7,על דרכיכם,2-6,8,1,954,676,26
standard,Hag.1.15,4,לחדש בששי,4-4,8,0,954,676,26
mispar-gadol,Hag.1.15,4,לחדש בששי,4-4,8,0,954,676,26
standard,Hag.2.4,11,הגדול וחזק,5-4,9,0,169,121,11
mispar-gadol,Hag.2.4,11,הגדול וחזק,5-4,9,0,169,121,11
standard,Hos.2.17,3,את כרמיה,2-5,7,0,676,484,22
mispar-gadol,Hos.2.17,3,את כרמיה,2-5,7,0,676,484,22
mispar-gadol,Hos.4.17,3,אפרים הנח,5-3,8,1,954,676,26
mispar-gadol,Hos.8.5,6,בם עד,2-2,4,1,676,484,22
mispar-gadol,Hos.9.1,10,אלהיך אהבת,5-4,9,1,954,676,26
standard,Hos.9.6,10,לכספם קמוש,5-4,9,1,676,484,22
standard,Hos.9.17,8,נדדים בגוים,5-5,10,2,169,121,11
standard,Hos.13.8,6,לבם ואכלם,3-5,8,2,169,121,11
mispar-gadol,Hos.13.10,4,ויושיעך בכל,7-3,10,1,954,676,26
standard,Hos.13.15,12,ויבוש מקורו,5-5,10,0,676,484,22
mispar-gadol,Hos.13.15,12,ויבוש מקורו,5-5,10,0,676,484,22
standard,Isa.5.19,11,ישראל ונדעה,5-5,10,0,676,484,22
mispar-gadol,Isa.5.19,11,ישראל ונדעה,5-5,10,0,676,484,22
standard,Isa.5.28,9,כצר נחשבו,3-5,8,0,676,484,22
mispar-gadol,Isa.5.28,9,כצר נחשבו,3-5,8,0,676,484,22
standard,Isa.6.13,7,כאלה וכאלון,4-6,10,1,169,121,11
mispar-gadol,Isa.13.9,1,הנה יום,3-3,6,1,676,484,22
standard,Isa.14.32,8,ציון ובה,4-3,7,1,169,121,11
standard,Isa.21.6,6,לך העמד,2-4,6,1,169,121,11
mispar-gadol,Isa.21.12,6,לילה אם,4-2,6,1,676,484,22
mispar-gadol,Isa.24.21,9,במרום ועל,5-3,8,1,954,676,26
standard,Isa.28.9,9,גמולי מחלב,5-4,9,0,169,121,11
mispar-gadol,Isa.28.9,9,גמולי מחלב,5-4,9,0,169,121,11
mispar-gadol,Isa.28.24,1,הכל היום,3-4,7,1,676,484,22
mispar-gadol,Isa.30.3,1,והיה לכם,4-3,7,1,676,484,22
standard,Isa.30.32,4,מטה מוסדה,3-5,8,0,169,121,11
mispar-gadol,Isa.30.32,4,מטה מוסדה,3-5,8,0,169,121,11
standard,Isa.32.1,4,מלך ולשרים,3-6,9,2,676,484,22
standard,Isa.32.6,2,נבל נבלה,3-4,7,0,169,121,11
mispar-gadol,Isa.32.6,2,נבל נבלה,3-4,7,0,169,121,11
mispar-gadol,Isa.37.19,3,אלהיהם באש,6-3,9,1,954,676,26
standard,Isa.37.28,6,התרגזך אלי,6-3,9,1,676,484,22
standard,Isa.37.29,2,התרגזך אלי,6-3,9,1,676,484,22
standard,Isa.40.24,11,גזעם וגם,4-3,7,2,169,121,11
standard,Isa.41.22,14,אחריתן או,6-2,8,1,676,484,22
mispar-gadol,Isa.41.23,5,כי אלהים,2-5,7,1,676,484,22
standard,Isa.41.26,3,מראש ונדעה,4-5,9,0,676,484,22
mispar-gadol,Isa.41.26,3,מראש ונדעה,4-5,9,0,676,484,22
standard,Isa.42.25,2,עליו חמה,4-3,7,0,169,121,11
mispar-gadol,Isa.42.25,2,עליו חמה,4-3,7,0,169,121,11
standard,Isa.44.22,3,פשעיך וכענן,5-5,10,2,676,484,22
standard,Isa.46.7,6,תחתיו ויעמד,5-5,10,0,954,676,26
mispar-gadol,Isa.46.7,6,תחתיו ויעמד,5-5,10,0,954,676,26
standard,Isa.48.17,13,בדרך תלך,4-3,7,2,676,484,22
standard,Isa.48.22,4,יהוה לרשעים,4-6,10,1,676,484,22
standard,Isa.49.10,8,ושמש כי,4-2,6,0,676,484,22
mispar-gadol,Isa.49.10,8,ושמש כי,4-2,6,0,676,484,22
standard,Isa.51.19,11,מי אנחמך,2-5,7,1,169,121,11
standard,Isa.54.12,6,אקדח וכל,4-3,7,0,169,121,11
mispar-gadol,Isa.54.12,6,אקדח וכל,4-3,7,0,169,121,11
standard,Isa.54.17,5,לא יצלח,2-4,6,0,169,121,11
mispar-gadol,Isa.54.17,5,לא יצלח,2-4,6,0,169,121,11
standard,Isa.57.4,5,מי תרחיבו,2-6,8,0,676,484,22
mispar-gadol,Isa.57.4,5,מי תרחיבו,2-6,8,0,676,484,22
standard,Isa.59.13,7,דבר עשק,3-3,6,0,676,484,22
mispar-gadol,Isa.59.13,7,דבר עשק,3-3,6,0,676,484,22
standard,Isa.64.4,1,פגעת את,4-2,6,0,954,676,26
mispar-gadol,Isa.64.4,1,פגעת את,4-2,6,0,954,676,26
standard,Isa.65.18,15,גילה ועמה,4-4,8,0,169,121,11
mispar-gadol,Isa.65.18,15,גילה ועמה,4-4,8,0,169,121,11
standard,Isa.66.20,4,אחיכם מכל,5-3,8,1,169,121,11
standard,Isa.66.20,13,ובכרכרות על,8-2,10,0,954,676,26
mispar-gadol,Isa.66.20,13,ובכרכרות על,8-2,10,0,954,676,26
standard,Jer.2.23,8,הלכתי ראי,5-3,8,0,676,484,22
mispar-gadol,Jer.2.23,8,הלכתי ראי,5-3,8,0,676,484,22
standard,Jer.2.33,3,דרכך לבקש,4-4,8,1,676,484,22
standard,Jer.3.5,6,הנה דברתי,3-5,8,0,676,484,22
mispar-gadol,Jer.3.5,6,הנה דברתי,3-5,8,0,676,484,22
standard,Jer.4.24,4,רעשים וכל,5-3,8,1,676,484,22
standard,Jer.5.31,6,על ידיהם,2-5,7,1,169,121,11
standard,Jer.6.8,9,שממה ארץ,4-3,7,1,676,484,22
standard,Jer.6.18,4,ודעי עדה,4-3,7,0,169,121,11
mispar-gadol,Jer.6.18,4,ודעי עדה,4-3,7,0,169,121,11
standard,Jer.9.2,6,ולא לאמונה,3-6,9,0,169,121,11
mispar-gadol,Jer.9.2,6,ולא לאמונה,3-6,9,0,169,121,11
standard,Jer.9.7,11,ובקרבו ישים,6-4,10,1,676,484,22
mispar-gadol,Jer.9.21,2,כה נאם,2-3,5,1,676,484,22
standard,Jer.13.7,15,לא יצלח,2-4,6,0,169,121,11
mispar-gadol,Jer.13.7,15,לא יצלח,2-4,6,0,169,121,11
standard,Jer.13.10,22,לא יצלח,2-4,6,0,169,121,11
mispar-gadol,Jer.13.10,22,לא יצלח,2-4,6,0,169,121,11
standard,Jer.14.17,5,הזה תרדנה,3-5,8,0,676,484,22
mispar-gadol,Jer.14.17,5,הזה תרדנה,3-5,8,0,676,484,22
mispar-gadol,Jer.17.1,10,לוח לבם,3-3,6,1,676,484,22
standard,Jer.17.18,14,רעה ומשנה,3-5,8,0,676,484,22
mispar-gadol,Jer.17.18,14,רעה ומשנה,3-5,8,0,676,484,22
standard,Jer.20.6,17,אשר נבאת,3-4,7,0,954,676,26
mispar-gadol,Jer.20.6,17,אשר נבאת,3-4,7,0,954,676,26
mispar-gadol,Jer.20.7,9,היום כלה,4-3,7,1,676,484,22
standard,Jer.22.30,10,לא יצלח,2-4,6,0,169,121,11
mispar-gadol,Jer.22.30,10,לא יצלח,2-4,6,0,169,121,11
standard,Jer.22.30,14,לא יצלח,2-4,6,0,169,121,11
mispar-gadol,Jer.22.30,14,לא יצלח,2-4,6,0,169,121,11
standard,Jer.23.12,11,אביא עליהם,4-5,9,1,169,121,11
mispar-gadol,Jer.25.5,14,יהוה לכם,4-3,7,1,676,484,22
mispar-gadol,Jer.25.10,11,קול רחים,3-4,7,1,954,676,26
standard,Jer.25.35,1,ואבד מנוס,4-4,8,0,169,121,11
mispar-gadol,Jer.25.35,1,ואבד מנוס,4-4,8,0,169,121,11
standard,Jer.26.20,12,וינבא על,5-2,7,0,169,121,11
mispar-gadol,Jer.26.20,12,וינבא על,5-2,7,0,169,121,11
standard,Jer.28.6,12,אשר נבאת,3-4,7,0,954,676,26
mispar-gadol,Jer.28.6,12,אשר נבאת,3-4,7,0,954,676,26
standard,Jer.29.6,3,והולידו בנים,7-4,11,1,169,121,11
mispar-gadol,Jer.29.18,15,בכל הגוים,3-5,8,1,676,484,22
mispar-gadol,Jer.30.11,10,בכל הגוים,3-5,8,1,676,484,22
standard,Jer.31.11,7,מיד חזק,3-3,6,0,169,121,11
mispar-gadol,Jer.31.11,7,מיד חזק,3-3,6,0,169,121,11
mispar-gadol,Jer.32.29,1,ובאו הכשדים,4-6,10,1,954,676,26
standard,Jer.32.43,7,אמרים שממה,5-4,9,1,676,484,22
mispar-gadol,Jer.38.20,14,לך ותחי,2-4,6,1,954,676,26
mispar-gadol,Jer.38.27,14,צוה המלך,3-4,7,1,676,484,22
mispar-gadol,Jer.39.16,3,לעבד מלך,4-3,7,1,676,484,22
mispar-gadol,Jer.40.3,12,והיה לכם,4-3,7,1,676,484,22
standard,Jer.41.1,13,המלך ועשרה,4-5,9,1,676,484,22
mispar-gadol,Jer.41.15,7,מפני יוחנן,4-5,9,1,954,676,26
standard,Jer.44.8,18,היותכם לקללה,6-5,11,1,676,484,22
standard,Jer.44.15,6,הידעים כי,6-2,8,1,169,121,11
standard,Jer.45.3,8,יגון על,4-2,6,1,169,121,11
mispar-gadol,Jer.46.28,14,בכל הגוים,3-5,8,1,676,484,22
standard,Jer.48.7,2,יען בטחך,3-4,7,2,169,121,11
standard,Jer.49.37,11,רעה את,3-2,5,0,676,484,22
mispar-gadol,Jer.49.37,11,רעה את,3-2,5,0,676,484,22
standard,Jer.50.9,7,בבל קהל,3-3,6,0,169,121,11
mispar-gadol,Jer.50.9,7,בבל קהל,3-3,6,0,169,121,11
mispar-gadol,Jer.51.9,6,עזבוה ונלך,5-4,9,1,676,484,22
standard,Jer.51.63,8,עליו אבן,4-3,7,1,169,121,11
standard,Job.1.14,11,על ידיהם,2-5,7,1,169,121,11
mispar-gadol,Job.3.9,5,לאור ואין,4-4,8,1,954,676,26
standard,Job.5.11,3,למרום וקדרים,5-6,11,2,676,484,22
standard,Job.7.2,3,צל וכשכיר,2-6,8,0,676,484,22
mispar-gadol,Job.7.2,3,צל וכשכיר,2-6,8,0,676,484,22
mispar-gadol,Job.7.12,1,הים אני,3-3,6,1,676,484,22
standard,Job.10.13,2,צפנת בלבבך,4-5,9,1,676,484,22
standard,Job.11.10,1,אם יחלף,2-4,6,2,169,121,11
standard,Job.11.20,4,ומנוס אבד,5-3,8,0,169,121,11
mispar-gadol,Job.11.20,4,ומנוס אבד,5-3,8,0,169,121,11
standard,Job.15.20,7,שנים נצפנו,4-5,9,1,676,484,22
standard,Job.15.20,8,נצפנו לעריץ,5-5,10,1,676,484,22
standard,Job.17.10,6,ולא אמצא,3-4,7,0,169,121,11
mispar-gadol,Job.17.10,6,ולא אמצא,3-4,7,0,169,121,11
standard,Job.19.13,1,אחי מעלי,3-4,7,0,169,121,11
mispar-gadol,Job.19.13,1,אחי מעלי,3-4,7,0,169,121,11
standard,Job.20.26,7,לא נפח,2-3,5,0,169,121,11
mispar-gadol,Job.20.26,7,לא נפח,2-3,5,0,169,121,11
standard,Job.21.9,3,מפחד ולא,4-3,7,0,169,121,11
mispar-gadol,Job.21.9,3,מפחד ולא,4-3,7,0,169,121,11
standard,Job.21.24,4,ומח עצמותיו,3-7,10,0,676,484,22
mispar-gadol,Job.21.24,4,ומח עצמותיו,3-7,10,0,676,484,22
mispar-gadol,Job.21.30,1,כי ליום,2-4,6,1,676,484,22
standard,Job.23.3,2,יתן ידעתי,3-5,8,1,954,676,26
standard,Job.24.15,2,נאף שמרה,3-4,7,1,676,484,22
standard,Job.25.3,3,לגדודיו ועל,7-3,10,0,169,121,11
mispar-gadol,Job.25.3,3,לגדודיו ועל,7-3,10,0,169,121,11
standard,Job.28.28,4,יראת אדני,4-4,8,0,676,484,22
mispar-gadol,Job.28.28,4,יראת אדני,4-4,8,0,676,484,22
standard,Job.32.15,5,העתיקו מהם,6-3,9,1,676,484,22
standard,Job.33.9,5,חף אנכי,2-4,6,1,169,121,11
standard,Job.35.8,2,כמוך רשעך,4-4,8,2,676,484,22
standard,Job.40.15,3,בהמות אשר,5-3,8,0,954,676,26
mispar-gadol,Job.40.15,3,בהמות אשר,5-3,8,0,954,676,26
standard,Joel.1.2,10,בימיכם ואם,6-3,9,2,169,121,11
mispar-gadol,Joel.1.7,8,והשליך הלבינו,6-6,12,1,954,676,26
standard,Joel.1.9,6,אבלו הכהנים,4-6,10,1,169,121,11
mispar-gadol,Joel.1.15,2,ליום כי,4-2,6,1,676,484,22
mispar-gadol,Joel.2.13,3,ואל בגדיכם,3-6,9,1,676,484,22
standard,Jonah.2.8,1,בהתעטף עלי,6-3,9,1,676,484,22
mispar-gadol,Jonah.3.10,8,הרעה וינחם,4-5,9,1,954,676,26
mispar-gadol,Josh.2.9,7,יהוה לכם,4-3,7,1,676,484,22
standard,Josh.2.9,12,נפלה אימתכם,4-6,10,1,676,484,22
mispar-gadol,Josh.3.2,4,ימים ויעברו,4-6,10,1,954,676,26
mispar-gadol,Josh.4.6,5,בקרבכם כי,6-2,8,1,954,676,26
mispar-gadol,Josh.5.4,15,במדבר בדרך,5-4,9,1,954,676,26
mispar-gadol,Josh.5.5,10,במדבר בדרך,5-4,9,1,954,676,26
standard,Josh.5.10,12,בערב בערבות,4-6,10,0,954,676,26
mispar-gadol,Josh.5.10,12,בערב בערבות,4-6,10,0,954,676,26
mispar-gadol,Josh.6.16,14,יהוה לכם,4-3,7,1,676,484,22
standard,Josh.7.3,27,מעט המה,3-3,6,0,169,121,11
mispar-gadol,Josh.7.3,27,מעט המה,3-3,6,0,169,121,11
standard,Josh.8.35,14,קהל ישראל,3-5,8,0,676,484,22
mispar-gadol,Josh.8.35,14,קהל ישראל,3-5,8,0,676,484,22
standard,Josh.10.1,5,מלך ירושלם,3-6,9,2,676,484,22
standard,Josh.10.3,4,מלך ירושלם,3-6,9,2,676,484,22
standard,Josh.10.5,6,מלך ירושלם,3-6,9,2,676,484,22
standard,Josh.10.5,7,ירושלם מלך,6-3,9,2,676,484,22
standard,Josh.10.10,12,בית חורן,3-4,7,1,676,484,22
standard,Josh.10.11,7,בית חורן,3-4,7,1,676,484,22
standard,Josh.10.13,6,יקם גוי,3-3,6,1,169,121,11
standard,Josh.10.23,12,מלך ירושלם,3-6,9,2,676,484,22
standard,Josh.10.37,22,ויחרם אותה,5-4,9,1,676,484,22
standard,Josh.11.21,6,את הענקים,2-6,8,1,676,484,22
standard,Josh.12.4,2,עוג מלך,3-3,6,1,169,121,11
standard,Josh.12.10,1,מלך ירושלם,3-6,9,2,676,484,22
standard,Josh.12.18,4,מלך לשרון,3-5,8,2,676,484,22
standard,Josh.13.29,6,ויהי לחצי,4-4,8,0,169,121,11
mispar-gadol,Josh.13.29,6,ויהי לחצי,4-4,8,0,169,121,11
standard,Josh.13.30,8,עוג מלך,3-3,6,1,169,121,11
mispar-gadol,Josh.15.2,2,להם גבול,3-4,7,1,676,484,22
standard,Josh.16.3,8,בית חורן,3-4,7,1,676,484,22
standard,Josh.16.5,13,בית חורן,3-4,7,1,676,484,22
mispar-gadol,Josh.18.3,16,לכם יהוה,3-4,7,1,676,484,22
mispar-gadol,Josh.18.7,5,בקרבכם כי,6-2,8,1,954,676,26
standard,Josh.18.14,12,בית חרון,3-4,7,1,676,484,22
standard,Josh.20.9,9,הגר בתוכם,3-5,8,1,676,484,22
standard,Josh.21.22,6,בית חורן,3-4,7,1,676,484,22
standard,Josh.22.17,13,ויהי הנגף,4-4,8,1,169,121,11
standard,Josh.22.29,1,חלילה לנו,5-3,8,0,169,121,11
mispar-gadol,Josh.22.29,1,חלילה לנו,5-3,8,0,169,121,11
standard,Josh.23.12,6,ביתר הגוים,4-5,9,1,676,484,22
mispar-gadol,Josh.23.13,29,לכם יהוה,3-4,7,1,676,484,22
mispar-gadol,Josh.23.15,30,לכם יהוה,3-4,7,1,676,484,22
standard,Josh.24.16,4,חלילה לנו,5-3,8,0,169,121,11
mispar-gadol,Josh.24.16,4,חלילה לנו,5-3,8,0,169,121,11
mispar-gadol,Josh.24.19,10,כי אלהים,2-5,7,1,676,484,22
standard,Josh.24.19,15,קנוא הוא,4-3,7,0,169,121,11
mispar-gadol,Josh.24.19,15,קנוא הוא,4-3,7,0,169,121,11
standard,Josh.24.22,15,אותו ויאמרו,4-6,10,0,676,484,22
mispar-gadol,Josh.24.22,15,אותו ויאמרו,4-6,10,0,676,484,22
standard,Judg.2.11,4,את הרע,2-3,5,0,676,484,22
mispar-gadol,Judg.2.11,4,את הרע,2-3,5,0,676,484,22
standard,Judg.3.7,4,את הרע,2-3,5,0,676,484,22
mispar-gadol,Judg.3.7,4,את הרע,2-3,5,0,676,484,22
standard,Judg.3.12,19,את הרע,2-3,5,0,676,484,22
mispar-gadol,Judg.3.12,19,את הרע,2-3,5,0,676,484,22
standard,Judg.3.24,8,העליה נעלות,5-5,10,0,676,484,22
mispar-gadol,Judg.3.24,8,העליה נעלות,5-5,10,0,676,484,22
standard,Judg.5.18,6,ונפתלי על,6-2,8,0,676,484,22
mispar-gadol,Judg.5.18,6,ונפתלי על,6-2,8,0,676,484,22
mispar-gadol,Judg.6.5,5,ואהליהם יבאו,7-4,11,1,676,484,22
standard,Judg.7.24,14,המים עד,4-2,6,1,169,121,11
standard,Judg.7.24,18,ואת הירדן,3-5,8,1,676,484,22
standard,Judg.7.24,26,המים עד,4-2,6,1,169,121,11
standard,Judg.7.24,30,ואת הירדן,3-5,8,1,676,484,22
standard,Judg.9.1,1,וילך אבימלך,4-6,10,2,169,121,11
mispar-gadol,Judg.9.7,3,וילך ויעמד,4-5,9,1,676,484,22
standard,Judg.9.50,1,וילך אבימלך,4-6,10,2,169,121,11
standard,Judg.9.54,4,הנער נשא,4-3,7,0,676,484,22
mispar-gadol,Judg.9.54,4,הנער נשא,4-3,7,0,676,484,22
standard,Judg.11.15,6,לא לקח,2-3,5,0,169,121,11
mispar-gadol,Judg.11.15,6,לא לקח,2-3,5,0,169,121,11
standard,Judg.11.25,14,אם נלחם,2-4,6,2,169,121,11
standard,Judg.12.7,7,וימת יפתח,4-4,8,0,954,676,26
mispar-gadol,Judg.12.7,7,וימת יפתח,4-4,8,0,954,676,26
mispar-gadol,Judg.13.5,13,אלהים יהיה,5-4,9,1,676,484,22
mispar-gadol,Judg.13.7,18,אלהים יהיה,5-4,9,1,676,484,22
mispar-gadol,Judg.13.22,7,כי אלהים,2-5,7,1,676,484,22
standard,Judg.13.23,8,לא לקח,2-3,5,0,169,121,11
mispar-gadol,Judg.13.23,8,לא לקח,2-3,5,0,169,121,11
standard,Judg.20.5,4,הגבעה ויסבו,5-5,10,0,169,121,11
mispar-gadol,Judg.20.5,4,הגבעה ויסבו,5-5,10,0,169,121,11
standard,Judg.20.31,5,העם הנתקו,3-5,8,1,676,484,22
standard,Judg.20.36,4,כי נגפו,2-4,6,0,169,121,11
mispar-gadol,Judg.20.36,4,כי נגפו,2-4,6,0,169,121,11
standard,Lam.1.8,5,כן לנידה,2-5,7,1,169,121,11
standard,Lam.4.3,6,גוריהן בת,6-2,8,1,676,484,22
standard,Lam.4.15,11,גם נעו,2-3,5,1,169,121,11
standard,Lam.5.21,4,ונשוב חדש,5-3,8,0,676,484,22
mispar-gadol,Lam.5.21,4,ונשוב חדש,5-3,8,0,676,484,22
standard,Lev.4.15,5,ידיהם על,5-2,7,1,169,121,11
standard,Lev.4.30,2,הכהן מדמה,4-4,8,1,169,121,11
standard,Lev.5.15,4,מעל וחטאה,3-5,8,0,169,121,11
mispar-gadol,Lev.5.15,4,מעל וחטאה,3-5,8,0,169,121,11
standard,Lev.7.10,8,אהרן תהיה,4-4,8,1,676,484,22
standard,Lev.8.14,9,ידיהם על,5-2,7,1,169,121,11
standard,Lev.8.18,9,ידיהם על,5-2,7,1,169,121,11
standard,Lev.8.22,11,ידיהם על,5-2,7,1,169,121,11
mispar-gadol,Lev.10.6,11,ובגדיכם לא,7-2,9,1,676,484,22
mispar-gadol,Lev.10.13,7,וחק בניך,3-4,7,1,676,484,22
mispar-gadol,Lev.10.14,16,וחק בניך,3-4,7,1,676,484,22
mispar-gadol,Lev.11.33,6,מהם אל,3-2,5,1,676,484,22
standard,Lev.13.14,1,וביום הראות,5-5,10,1,676,484,22
standard,Lev.13.30,21,או הזקן,2-4,6,1,169,121,11
standard,Lev.16.17,18,קהל ישראל,3-5,8,0,676,484,22
mispar-gadol,Lev.16.17,18,קהל ישראל,3-5,8,0,676,484,22
mispar-gadol,Lev.17.8,7,ומן הגר,3-3,6,1,954,676,26
mispar-gadol,Lev.17.10,5,ומן הגר,3-3,6,1,954,676,26
standard,Lev.17.10,7,הגר בתוכם,3-5,8,1,676,484,22
mispar-gadol,Lev.17.13,5,ומן הגר,3-3,6,1,954,676,26
standard,Lev.17.13,7,הגר בתוכם,3-5,8,1,676,484,22
mispar-gadol,Lev.18.10,2,בת בנך,2-3,5,1,954,676,26
mispar-gadol,Lev.19.19,11,כלאים ובגד,5-4,9,1,676,484,22
mispar-gadol,Lev.19.19,12,ובגד כלאים,4-5,9,1,676,484,22
mispar-gadol,Lev.20.2,9,ומן הגר,3-3,6,1,954,676,26
standard,Lev.20.25,13,נפשתיכם בבהמה,7-5,12,1,954,676,26
standard,Lev.21.6,12,לחם אלהיהם,3-6,9,2,169,121,11
mispar-gadol,Lev.21.23,10,כי מום,2-3,5,1,676,484,22
mispar-gadol,Lev.22.18,16,ומן הגר,3-3,6,1,954,676,26
standard,Lev.24.14,11,ידיהם על,5-2,7,1,169,121,11
mispar-gadol,Lev.24.21,4,ומכה אדם,4-3,7,1,676,484,22
standard,Lev.25.36,9,אחיך עמך,4-3,7,2,169,121,11
standard,Lev.25.39,3,אחיך עמך,4-3,7,2,169,121,11
standard,Lev.26.16,13,מכלות עינים,5-5,10,1,676,484,22
standard,Lev.27.4,2,נקבה הוא,4-3,7,0,169,121,11
mispar-gadol,Lev.27.4,2,נקבה הוא,4-3,7,0,169,121,11
mispar-gadol,Mal.1.4,17,להם גבול,3-4,7,1,676,484,22
mispar-gadol,Mal.3.8,3,אלהים כי,5-2,7,1,676,484,22
standard,Mal.3.17,12,עליהם כאשר,5-4,9,1,676,484,22
standard,Mic.1.2,11,לעד אדני,3-4,7,0,169,121,11
mispar-gadol,Mic.1.2,11,לעד אדני,3-4,7,0,169,121,11
standard,Mic.1.12,5,מרות כי,4-2,6,0,676,484,22
mispar-gadol,Mic.1.12,5,מרות כי,4-2,6,0,676,484,22
standard,Mic.2.8,2,עמי לאויב,3-5,8,0,169,121,11
mispar-gadol,Mic.2.8,2,עמי לאויב,3-5,8,0,169,121,11
mispar-gadol,Mic.4.5,6,בשם אלהיו,3-5,8,1,954,676,26
standard,Mic.4.14,5,מצור שם,4-2,6,1,676,484,22
mispar-gadol,Mic.5.6,10,כרביבים עלי,7-3,10,1,954,676,26
mispar-gadol,Nah.1.10,2,עד סירים,2-5,7,1,954,676,26
standard,Nah.3.3,6,חנית ורב,4-3,7,0,676,484,22
mispar-gadol,Nah.3.3,6,חנית ורב,4-3,7,0,676,484,22
standard,Nah.3.19,9,תקעו כף,4-2,6,1,676,484,22
standard,Neh.2.17,15,לכו ונבנה,3-5,8,0,169,121,11
mispar-gadol,Neh.2.17,15,לכו ונבנה,3-5,8,0,169,121,11
standard,Neh.5.2,9,דגן ונאכלה,3-6,9,1,169,121,11
standard,Neh.6.2,7,ונועדה יחדו,6-4,10,0,169,121,11
mispar-gadol,Neh.6.2,7,ונועדה יחדו,6-4,10,0,169,121,11
standard,Neh.7.3,13,יגיפו הדלתות,5-6,11,0,954,676,26
mispar-gadol,Neh.7.3,13,יגיפו הדלתות,5-6,11,0,954,676,26
standard,Neh.9.22,17,עוג מלך,3-3,6,1,169,121,11
standard,Neh.10.35,8,והעם להביא,4-5,9,1,169,121,11
standard,Neh.12.5,2,מעדיה בלגה,5-4,9,0,169,121,11
mispar-gadol,Neh.12.5,2,מעדיה בלגה,5-4,9,0,169,121,11
standard,Neh.12.37,1,ועל שער,3-3,6,0,676,484,22
mispar-gadol,Neh.12.37,1,ועל שער,3-3,6,0,676,484,22
standard,Neh.12.39,4,ועל שער,3-3,6,0,676,484,22
mispar-gadol,Neh.12.39,4,ועל שער,3-3,6,0,676,484,22
standard,Neh.12.39,7,ועל שער,3-3,6,0,676,484,22
mispar-gadol,Neh.12.39,7,ועל שער,3-3,6,0,676,484,22
mispar-gadol,Neh.13.5,4,גדולה ושם,5-3,8,1,954,676,26
standard,Neh.13.15,2,ההמה ראיתי,4-5,9,0,676,484,22
mispar-gadol,Neh.13.15,2,ההמה ראיתי,4-5,9,0,676,484,22
standard,Num.1.9,1,לזבולן אליאב,6-5,11,1,169,121,11
standard,Num.3.27,9,העזיאלי אלה,7-3,10,0,169,121,11
mispar-gadol,Num.3.27,9,העזיאלי אלה,7-3,10,0,169,121,11
standard,Num.8.10,10,ידיהם על,5-2,7,1,169,121,11
standard,Num.8.12,4,ידיהם על,5-2,7,1,169,121,11
mispar-gadol,Num.9.8,8,יהוה לכם,4-3,7,1,676,484,22
standard,Num.10.2,4,חצוצרת כסף,6-3,9,1,954,676,26
standard,Num.10.10,9,עלתיכם ועל,6-3,9,1,676,484,22
mispar-gadol,Num.11.18,21,יהוה לכם,4-3,7,1,676,484,22
standard,Num.11.19,14,עשרים יום,5-3,8,2,676,484,22
mispar-gadol,Num.11.20,8,והיה לכם,4-3,7,1,676,484,22
standard,Num.11.20,22,זה יצאנו,2-5,7,0,169,121,11
mispar-gadol,Num.11.20,22,זה יצאנו,2-5,7,0,169,121,11
mispar-gadol,Num.13.3,8,יהוה כלם,4-3,7,1,676,484,22
standard,Num.14.38,6,יפנה חיו,4-3,7,0,169,121,11
mispar-gadol,Num.14.38,6,יפנה חיו,4-3,7,0,169,121,11
standard,Num.15.26,7,הגר בתוכם,3-5,8,1,676,484,22
standard,Num.15.29,5,הגר בתוכם,3-5,8,1,676,484,22
mispar-gadol,Num.15.30,8,ומן הגר,3-3,6,1,954,676,26
mispar-gadol,Num.15.39,1,והיה לכם,4-3,7,1,676,484,22
standard,Num.16.12,2,משה לקרא,3-4,7,0,676,484,22
mispar-gadol,Num.16.12,2,משה לקרא,3-4,7,0,676,484,22
standard,Num.16.26,17,פן תספו,2-4,6,1,676,484,22
standard,Num.17.27,9,אבדנו כלנו,5-4,9,0,169,121,11
mispar-gadol,Num.17.27,9,אבדנו כלנו,5-4,9,0,169,121,11
standard,Num.17.27,10,כלנו אבדנו,4-5,9,0,169,121,11
mispar-gadol,Num.17.27,10,כלנו אבדנו,4-5,9,0,169,121,11
standard,Num.19.4,3,הכהן מדמה,4-4,8,1,169,121,11
standard,Num.19.5,5,את ערה,2-3,5,0,676,484,22
mispar-gadol,Num.19.5,5,את ערה,2-3,5,0,676,484,22
mispar-gadol,Num.19.10,1,וכבס האסף,4-4,8,1,954,676,26
standard,Num.19.10,15,הגר בתוכם,3-5,8,1,676,484,22
standard,Num.20.25,6,בנו והעל,3-4,7,0,169,121,11
mispar-gadol,Num.20.25,6,בנו והעל,3-4,7,0,169,121,11
standard,Num.21.33,6,עוג מלך,3-3,6,1,169,121,11
standard,Num.22.4,20,מלך למואב,3-5,8,1,169,121,11
mispar-gadol,Num.22.22,3,אלהים כי,5-2,7,1,676,484,22
mispar-gadol,Num.22.38,6,באתי אליך,4-4,8,1,954,676,26
standard,Num.23.8,6,ומה אזעם,3-4,7,1,169,121,11
standard,Num.25.1,4,ויחל העם,4-3,7,1,169,121,11
standard,Num.25.13,7,עולם תחת,4-3,7,1,954,676,26
standard,Num.26.5,10,משפחת הפלאי,5-5,10,0,954,676,26
mispar-gadol,Num.26.5,10,משפחת הפלאי,5-5,10,0,954,676,26
standard,Num.26.30,2,בני גלעד,3-4,7,0,169,121,11
mispar-gadol,Num.26.30,2,בני גלעד,3-4,7,0,169,121,11
standard,Num.26.54,10,יתן נחלתו,3-5,8,1,954,676,26
standard,Num.28.6,1,עלת תמיד,3-4,7,0,954,676,26
mispar-gadol,Num.28.6,1,עלת תמיד,3-4,7,0,954,676,26
standard,Num.28.20,7,לפר ושני,3-4,7,0,676,484,22
mispar-gadol,Num.28.20,7,לפר ושני,3-4,7,0,676,484,22
standard,Num.31.14,6,שרי האלפים,3-6,9,1,676,484,22
standard,Num.31.48,8,שרי האלפים,3-6,9,1,676,484,22
standard,Num.31.52,16,שרי האלפים,3-6,9,1,676,484,22
standard,Num.31.54,8,שרי האלפים,3-6,9,1,676,484,22
standard,Num.32.19,2,לא ננחל,2-4,6,0,169,121,11
mispar-gadol,Num.32.19,2,לא ננחל,2-4,6,0,169,121,11
standard,Num.32.33,20,עוג מלך,3-3,6,1,169,121,11
standard,Num.33.3,12,יצאו בני,4-3,7,0,169,121,11
mispar-gadol,Num.33.3,12,יצאו בני,4-3,7,0,169,121,11
standard,Num.33.20,4,ויחנו בלבנה,5-5,10,0,169,121,11
mispar-gadol,Num.33.20,4,ויחנו בלבנה,5-5,10,0,169,121,11
mispar-gadol,Num.34.3,1,והיה לכם,4-3,7,1,676,484,22
mispar-gadol,Num.34.3,10,והיה לכם,4-3,7,1,676,484,22
mispar-gadol,Num.34.6,3,והיה לכם,4-3,7,1,676,484,22
standard,Num.35.19,7,בפגעו בו,5-2,7,0,169,121,11
mispar-gadol,Num.35.19,7,בפגעו בו,5-2,7,0,169,121,11
standard,Num.35.21,16,בפגעו בו,5-2,7,0,169,121,11
mispar-gadol,Num.35.21,16,בפגעו בו,5-2,7,0,169,121,11
standard,Num.36.1,5,בני גלעד,3-4,7,0,169,121,11
mispar-gadol,Num.36.1,5,בני גלעד,3-4,7,0,169,121,11
standard,Prov.1.15,3,תלך בדרך,3-4,7,2,676,484,22
standard,Prov.2.20,2,תלך בדרך,3-4,7,2,676,484,22
standard,Prov.3.16,4,בשמאולה עשר,7-3,10,0,954,676,26
mispar-gadol,Prov.3.16,4,בשמאולה עשר,7-3,10,0,954,676,26
mispar-gadol,Prov.3.17,2,דרכי נעם,4-3,7,1,954,676,26
standard,Prov.3.34,5,ולעניים יתן,7-3,10,2,676,484,22
standard,Prov.12.8,5,ונעוה לב,5-2,7,0,169,121,11
mispar-gadol,Prov.12.8,5,ונעוה לב,5-2,7,0,169,121,11
standard,Prov.14.23,3,יהיה מותר,4-4,8,0,676,484,22
mispar-gadol,Prov.14.23,3,יהיה מותר,4-4,8,0,676,484,22
mispar-gadol,Prov.14.35,2,מלך לעבד,3-4,7,1,676,484,22
standard,Prov.15.30,7,תדשן עצם,4-3,7,2,954,676,26
standard,Prov.17.18,4,תוקע כף,4-2,6,1,676,484,22
standard,Prov.19.28,7,יבלע און,4-3,7,1,169,121,11
standard,Prov.20.3,3,שבת מריב,3-4,7,0,954,676,26
mispar-gadol,Prov.20.3,3,שבת מריב,3-4,7,0,954,676,26
mispar-gadol,Prov.22.2,5,כלם יהוה,3-4,7,1,676,484,22
standard,Prov.22.18,5,בבטנך יכנו,5-4,9,1,169,121,11
standard,Ps.2.10,4,הוסרו שפטי,5-4,9,0,676,484,22
mispar-gadol,Ps.2.10,4,הוסרו שפטי,5-4,9,0,676,484,22
standard,Ps.7.3,3,כאריה נפשי,5-4,9,0,676,484,22
mispar-gadol,Ps.7.3,3,כאריה נפשי,5-4,9,0,676,484,22
standard,Ps.7.12,5,זעם בכל,3-3,6,1,169,121,11
standard,Ps.9.17,9,הגיון סלה,5-3,8,1,169,121,11
mispar-gadol,Ps.14.5,4,כי אלהים,2-5,7,1,676,484,22
standard,Ps.15.2,2,תמים ופעל,4-4,8,1,676,484,22
standard,Ps.15.5,8,לא לקח,2-3,5,0,169,121,11
mispar-gadol,Ps.15.5,8,לא לקח,2-3,5,0,169,121,11
standard,Ps.18.21,1,יגמלני יהוה,6-4,10,0,169,121,11
mispar-gadol,Ps.18.21,1,יגמלני יהוה,6-4,10,0,169,121,11
standard,Ps.18.26,2,חסיד תתחסד,4-5,9,0,954,676,26
mispar-gadol,Ps.18.26,2,חסיד תתחסד,4-5,9,0,954,676,26
standard,Ps.18.44,6,גוים עם,4-2,6,2,169,121,11
standard,Ps.22.1,3,אילת השחר,4-4,8,0,954,676,26
mispar-gadol,Ps.22.1,3,אילת השחר,4-4,8,0,954,676,26
standard,Ps.27.14,6,לבך וקוה,3-4,7,1,169,121,11
standard,Ps.29.6,2,כמו עגל,3-3,6,0,169,121,11
mispar-gadol,Ps.29.6,2,כמו עגל,3-3,6,0,169,121,11
mispar-gadol,Ps.31.17,3,על עבדך,2-4,6,1,676,484,22
standard,Ps.42.5,14,רנה ותודה,3-5,8,0,676,484,22
mispar-gadol,Ps.42.5,14,רנה ותודה,3-5,8,0,676,484,22
standard,Ps.44.2,9,בימיהם בימי,6-4,10,1,169,121,11
mispar-gadol,Ps.45.9,9,מני שמחוך,3-5,8,1,954,676,26
mispar-gadol,Ps.45.11,6,ושכחי עמך,5-3,8,1,954,676,26
standard,Ps.47.2,3,תקעו כף,4-2,6,1,676,484,22
mispar-gadol,Ps.50.6,4,כי אלהים,2-5,7,1,676,484,22
standard,Ps.52.11,9,נגד חסידיך,3-6,9,1,169,121,11
mispar-gadol,Ps.53.6,7,כי אלהים,2-5,7,1,676,484,22
mispar-gadol,Ps.53.6,13,כי אלהים,2-5,7,1,676,484,22
mispar-gadol,Ps.56.2,2,אלהים כי,5-2,7,1,676,484,22
mispar-gadol,Ps.56.10,9,כי אלהים,2-5,7,1,676,484,22
mispar-gadol,Ps.59.10,4,כי אלהים,2-5,7,1,676,484,22
mispar-gadol,Ps.59.14,6,כי אלהים,2-5,7,1,676,484,22
mispar-gadol,Ps.59.18,4,כי אלהים,2-5,7,1,676,484,22
standard,Ps.68.3,2,עשן תנדף,3-4,7,2,954,676,26
mispar-gadol,Ps.69.2,2,אלהים כי,5-2,7,1,676,484,22
mispar-gadol,Ps.69.36,1,כי אלהים,2-5,7,1,676,484,22
mispar-gadol,Ps.75.8,1,כי אלהים,2-5,7,1,676,484,22
standard,Ps.78.8,4,דור סורר,3-4,7,0,676,484,22
mispar-gadol,Ps.78.8,4,דור סורר,3-4,7,0,676,484,22
standard,Ps.78.9,6,הפכו ביום,4-4,8,1,169,121,11
mispar-gadol,Ps.78.35,2,כי אלהים,2-5,7,1,676,484,22
mispar-gadol,Ps.82.8,8,בכל הגוים,3-5,8,1,676,484,22
mispar-gadol,Ps.84.5,5,יהללוך סלה,6-3,9,1,676,484,22
mispar-gadol,Ps.89.5,8,כסאך סלה,4-3,7,1,676,484,22
standard,Ps.89.23,5,ובן עולה,3-4,7,1,169,121,11
standard,Ps.95.7,11,בקלו תשמעו,4-5,9,0,954,676,26
mispar-gadol,Ps.95.7,11,בקלו תשמעו,4-5,9,0,954,676,26
standard,Ps.95.9,4,בחנוני גם,6-2,8,1,169,121,11
standard,Ps.101.5,4,אותו אצמית,4-5,9,0,954,676,26
mispar-gadol,Ps.101.5,4,אותו אצמית,4-5,9,0,954,676,26
mispar-gadol,Ps.104.24,4,יהוה כלם,4-3,7,1,676,484,22
standard,Ps.105.22,2,שריו בנפשו,4-5,9,0,954,676,26
mispar-gadol,Ps.105.22,2,שריו בנפשו,4-5,9,0,954,676,26
mispar-gadol,Ps.106.11,5,מהם לא,3-2,5,1,676,484,22
mispar-gadol,Ps.119.17,2,על עבדך,2-4,6,1,676,484,22
standard,Ps.119.37,3,מראות שוא,5-3,8,0,954,676,26
mispar-gadol,Ps.119.37,3,מראות שוא,5-3,8,0,954,676,26
standard,Ps.119.59,1,חשבתי דרכי,5-4,9,0,954,676,26
mispar-gadol,Ps.119.59,1,חשבתי דרכי,5-4,9,0,954,676,26
standard,Ps.119.83,5,חקיך לא,4-2,6,1,169,121,11
standard,Ps.119.155,5,חקיך לא,4-2,6,1,169,121,11
standard,Ps.121.6,2,השמש לא,4-2,6,0,676,484,22
mispar-gadol,Ps.121.6,2,השמש לא,4-2,6,0,676,484,22
mispar-gadol,Ps.127.5,7,מהם לא,3-2,5,1,676,484,22
mispar-gadol,Ps.140.11,3,גחלים באש,5-3,8,1,954,676,26
standard,Ps.142.4,1,בהתעטף עלי,6-3,9,1,676,484,22
standard,Ps.146.7,7,יהוה מתיר,4-4,8,0,676,484,22
mispar-gadol,Ps.146.7,7,יהוה מתיר,4-4,8,0,676,484,22
standard,Ps.149.9,8,חסידיו הללו,6-4,10,0,169,121,11
mispar-gadol,Ps.149.9,8,חסידיו הללו,6-4,10,0,169,121,11
mispar-gadol,Ruth.1.9,2,יהוה לכם,4-3,7,1,676,484,22
standard,Ruth.2.8,18,תדבקין עם,6-2,8,2,676,484,22
standard,Song.2.3,6,בין הבנים,3-5,8,2,169,121,11
mispar-gadol,Song.3.8,1,כלם אחזי,3-4,7,1,676,484,22
standard,Song.5.1,4,כלה אריתי,3-5,8,0,676,484,22
mispar-gadol,Song.5.1,4,כלה אריתי,3-5,8,0,676,484,22
standard,Song.6.1,7,פנה דודך,3-4,7,1,169,121,11
standard,Zech.8.5,5,וילדות משחקים,6-6,12,1,954,676,26
standard,Zech.9.1,6,ודמשק מנחתו,5-5,10,0,954,676,26
mispar-gadol,Zech.9.1,6,ודמשק מנחתו,5-5,10,0,954,676,26
standard,Zech.11.4,5,רעה את,3-2,5,0,676,484,22
mispar-gadol,Zech.11.4,5,רעה את,3-2,5,0,676,484,22
mispar-gadol,Zech.14.1,1,הנה יום,3-3,6,1,676,484,22
standard,Zeph.2.8,11,ויגדילו על,7-2,9,0,169,121,11
mispar-gadol,Zeph.2.8,11,ויגדילו על,7-2,9,0,169,121,11
standard,Zeph.3.2,3,בקול לא,4-2,6,0,169,121,11
mispar-gadol,Zeph.3.2,3,בקול לא,4-2,6,0,169,121,11
