control_id,outer_hebrew,first_reference,consonant_family,first_value,first_base12,full_value,full_base12,completion_hit
C0002602,אבאה,Judg.15.1,אאבה,9,9,519,373,yes
C0002618,אביב,Exod.9.31,אבבי,15,13,531,383,yes
C0002654,אגדת,Exod.12.22,אגדת,408,2A0,1317,919,yes
C0002667,אדאג,Ps.38.19,אאגד,9,9,519,373,yes
C0002672,אדוש,Isa.28.28,אדוש,311,21B,1123,797,yes
C0002692,אהבת,1Sam.20.17,אבהת,408,2A0,1317,919,yes
C0002731,אופר,Gen.10.29,אופר,287,1BB,1075,757,yes
C0002739,אורת,Isa.26.19,אורת,607,427,1715,BAB,yes
C0002755,אזלת,Deut.32.36,אזלת,438,306,1377,969,yes
C0002762,אזעק,Hab.1.2,אזעק,178,12A,857,5B5,yes
C0002768,אחבש,Ezek.34.16,אבחש,311,21B,1123,797,yes
C0002777,אחזה,Gen.47.11,אהזח,21,19,543,393,yes
C0002783,אחחי,2Sam.23.9,אחחי,27,23,555,3A3,yes
C0002797,אחסר,Ps.23.1,אחסר,269,1A5,1039,727,yes
C0002806,אחתה,Exod.26.3,אהחת,414,2A6,1329,929,yes
C0002823,אידו,Obad.1.13,אדוי,21,19,543,393,yes
C0002847,אישו,1Kgs.20.20,אויש,317,225,1135,7A7,yes
C0002855,אכבד,1Sam.2.30,אבדכ,27,23,555,3A3,yes
C0002859,אכחד,Job.27.11,אדחכ,33,29,567,3B3,yes
C0002933,אמצה,Zech.12.5,אהמצ,136,B4,773,545,yes
C0002997,אפגע,Isa.47.3,אגעפ,154,10A,809,575,yes
C0003050,אקוה,Job.17.13,אהוק,112,94,725,505,yes
C0003080,ארות,1Kgs.5.6,אורת,607,427,1715,BAB,yes
C0003095,אריק,Exod.15.9,איקר,311,21B,1123,797,yes
C0003111,ארצח,Prov.22.13,אחצר,299,20B,1099,777,yes
C0003119,ארשע,Job.9.29,אערש,571,3B7,1643,B4B,yes
C0003140,אשכב,Job.7.21,אבכש,323,22B,1147,7B7,yes
C0003163,אשקר,Ps.89.34,אקרש,601,421,1703,B9B,yes
C0003177,אתכה,Exod.29.35,אהכת,426,2B6,1353,949,yes
C0003180,אתנה,1Kgs.21.2,אהנת,456,320,1413,999,yes
C0003188,באבי,Song.6.11,אבבי,15,13,531,383,yes
C0003197,באחד,2Chr.29.17,אבדח,15,13,531,383,yes
C0003240,באתה,2Sam.3.7,אבהת,408,2A0,1317,919,yes
C0003246,בבאי,Ezek.43.3,אבבי,15,13,531,383,yes
C0003259,בבית,1Chr.5.36,בבית,414,2A6,1329,929,yes
C0003276,בבתי,Jer.43.12,בבית,414,2A6,1329,929,yes
C0003280,בגדו,2Kgs.4.39,בגדו,15,13,531,383,yes
C0003284,בגוד,Isa.48.8,בגדו,15,13,531,383,yes
C0003285,בגוי,2Chr.15.6,בגוי,21,19,543,393,yes
C0003308,בדיה,Ezek.19.14,בדהי,21,19,543,393,yes
C0003337,בהרת,Lev.13.2,בהרת,607,427,1715,BAB,yes
C0003338,בואו,Mal.3.2,אבוו,15,13,531,383,yes
C0003341,בוגד,Hab.2.5,בגדו,15,13,531,383,yes
C0003352,בוקע,Eccl.10.9,בועק,178,12A,857,5B5,yes
C0003393,בחית,Hos.4.3,בחית,420,2B0,1341,939,yes
C0003409,בחמת,2Chr.8.4,בחמת,450,316,1401,989,yes
C0003449,בידה,Deut.24.1,בדהי,21,19,543,393,yes
C0003464,בינת,Prov.30.2,בינת,462,326,1425,9A9,yes
C0003468,ביצי,Isa.59.5,בייצ,112,94,725,505,yes
C0003505,בכפי,1Chr.12.18,ביכפ,112,94,725,505,yes
C0003540,בלות,Josh.9.5,בולת,438,306,1377,969,yes
C0003547,בלעי,Job.7.19,בילע,112,94,725,505,yes
C0003571,במעל,Ezra.9.2,בלמע,142,BA,785,555,yes
C0003572,במצד,1Chr.11.7,בדמצ,136,B4,773,545,yes
C0003573,במקל,Num.22.27,בלמק,172,124,845,5A5,yes
C0003590,בנדת,Ezra.9.11,בדנת,456,320,1413,999,yes
C0003591,בנהר,1Chr.18.3,בהנר,257,195,1015,707,yes
C0003603,בנית,1Kgs.8.48,בינת,462,326,1425,9A9,yes
C0003612,בנפש,1Sam.18.1,בנפש,432,300,1365,959,yes
C0003619,בנתי,1Kgs.8.44,בינת,462,326,1425,9A9,yes
C0003634,בספל,Judg.5.25,בלספ,172,124,845,5A5,yes
C0003669,בעלי,1Sam.23.11,בילע,112,94,725,505,yes
C0003672,בעמו,1Sam.27.12,בומע,118,9A,737,515,yes
C0003675,בעמל,Judg.10.16,בלמע,142,BA,785,555,yes
C0003688,בעצי,1Kgs.5.22,ביעצ,172,124,845,5A5,yes
C0003718,בפלס,Isa.40.12,בלספ,172,124,845,5A5,yes
C0003719,בפני,Ezek.42.12,בינפ,142,BA,785,555,yes
C0003720,בפסל,Isa.42.17,בלספ,172,124,845,5A5,yes
C0003761,בצרת,Jer.17.8,בצרת,692,498,1885,1111,yes
C0003772,בקלי,Exod.4.1,בילק,142,BA,785,555,yes
C0003780,בקעו,Isa.59.5,בועק,178,12A,857,5B5,yes
C0003794,בקשו,1Chr.16.11,בוקש,408,2A0,1317,919,yes
C0003807,ברגע,Isa.54.7,בגער,275,1AB,1051,737,yes
C0003813,ברור,Isa.49.2,בורר,408,2A0,1317,919,yes
C0003840,ברנה,2Chr.20.22,בהנר,257,195,1015,707,yes
C0003863,בשדה,1Chr.1.46,בדהש,311,21B,1123,797,yes
C0003870,בשוט,Job.5.21,בוטש,317,225,1135,7A7,yes
C0003872,בשוק,Eccl.12.4,בוקש,408,2A0,1317,919,yes
C0003912,בשקו,Gen.42.35,בוקש,408,2A0,1317,919,yes
C0003913,בשקל,2Kgs.7.1,בלקש,432,300,1365,959,yes
C0003954,גאוה,Job.41.7,אגהו,15,13,531,383,yes
C0003966,גבהה,1Kgs.14.23,בגהה,15,13,531,383,yes
C0003990,גדיי,Gen.27.9,גדיי,27,23,555,3A3,yes
C0003992,גדיש,Exod.22.5,גדיש,317,225,1135,7A7,yes
C0004003,גדרת,Num.32.16,גדרת,607,427,1715,BAB,yes
C0004022,גזזי,Gen.38.12,גזזי,27,23,555,3A3,yes
C0004023,גזית,1Chr.22.2,גזית,420,2B0,1341,939,yes
C0004037,גידי,Job.40.17,גדיי,27,23,555,3A3,yes
C0004058,גלתה,Lam.1.3,גהלת,438,306,1377,969,yes
C0004091,גרני,Isa.21.10,גינר,263,19B,1027,717,yes
C0004095,גררה,Gen.10.19,גהרר,408,2A0,1317,919,yes
C0004100,גרתי,Gen.32.5,גירת,613,431,1727,BBB,yes
C0004110,דאגת,Isa.57.11,אגדת,408,2A0,1317,919,yes
C0004117,דבקו,2Sam.20.2,בדוק,112,94,725,505,yes
C0004137,דדתו,Exod.6.20,דדות,414,2A6,1329,929,yes
C0004160,דיות,Isa.34.15,דוית,420,2B0,1341,939,yes
C0004178,דלתי,Job.3.10,דילת,444,310,1389,979,yes
C0004179,דמות,2Kgs.16.10,דומת,450,316,1401,989,yes
C0004190,דמשק,1Kgs.11.24,דמקש,444,310,1389,979,yes
C0004216,דשאו,Joel.2.22,אדוש,311,21B,1123,797,yes
C0004222,האבת,Lev.19.31,אבהת,408,2A0,1317,919,yes
C0004230,האזב,Lev.14.6,אבהז,15,13,531,383,yes
C0004233,האחז,Num.31.47,אהזח,21,19,543,393,yes
C0004235,האחת,1Chr.27.1,אהחת,414,2A6,1329,929,yes
C0004238,האיה,Deut.14.13,אההי,21,19,543,393,yes
C0004271,האשה,1Kgs.3.17,אההש,311,21B,1123,797,yes
C0004283,הבאת,1Sam.20.8,אבהת,408,2A0,1317,919,yes
C0004297,הביש,Jer.10.14,בהיש,317,225,1135,7A7,yes
C0004321,הגבה,Ezek.21.31,בגהה,15,13,531,383,yes
C0004338,הגלת,Jer.13.19,גהלת,438,306,1377,969,yes
C0004351,הדאה,Lev.11.14,אדהה,15,13,531,383,yes
C0004353,הדבש,1Sam.14.27,בדהש,311,21B,1123,797,yes
C0004376,ההיא,1Chr.21.28,אההי,21,19,543,393,yes
C0004380,ההמת,Jer.26.19,ההמת,450,316,1401,989,yes
C0004390,הודו,1Chr.16.8,דהוו,21,19,543,393,yes
C0004419,הורק,Jer.48.11,הוקר,311,21B,1123,797,yes
C0004447,החדש,1Chr.27.4,דהחש,317,225,1135,7A7,yes
C0004448,החוח,2Chr.25.18,הוחח,27,23,555,3A3,yes
C0004477,החפר,2Kgs.14.25,החפר,293,205,1087,767,yes
C0004481,החקה,Exod.13.10,ההחק,118,9A,737,515,yes
C0004495,הטבה,Deut.6.18,בההט,21,19,543,393,yes
C0004509,הטתו,Prov.7.21,הוטת,420,2B0,1341,939,yes
C0004519,היחש,Neh.7.5,החיש,323,22B,1147,7B7,yes
C0004532,היסר,Ps.94.10,היסר,275,1AB,1051,737,yes
C0004538,היצר,Isa.29.16,היצר,305,215,1111,787,yes
C0004551,הישב,1Kgs.9.16,בהיש,317,225,1135,7A7,yes
C0004554,היתה,1Chr.7.23,ההית,420,2B0,1341,939,yes
C0004585,הכפר,Song.1.14,הכפר,305,215,1111,787,yes
C0004664,המעט,Deut.7.7,הטמע,124,A4,749,525,yes
C0004666,המצא,Exod.22.3,אהמצ,136,B4,773,545,yes
C0004676,המתה,Zech.11.9,ההמת,450,316,1401,989,yes
C0004704,הנכר,1Sam.7.3,הכנר,275,1AB,1051,737,yes
C0004720,הנקה,Jer.25.29,ההנק,160,114,821,585,yes
C0004741,הסיר,1Chr.13.13,היסר,275,1AB,1051,737,yes
C0004773,העור,Deut.28.29,הוער,281,1B5,1063,747,yes
C0004804,הערל,1Sam.17.26,הלער,305,215,1111,787,yes
C0004858,הצמא,Isa.29.8,אהמצ,136,B4,773,545,yes
C0004866,הצרי,Jer.8.22,היצר,305,215,1111,787,yes
C0004869,הקבה,Num.25.8,בההק,112,94,725,505,yes
C0004888,הקנה,1Kgs.14.15,ההנק,160,114,821,585,yes
C0004890,הקסת,Ezek.9.11,הסקת,565,3B1,1631,B3B,yes
C0004946,הרעו,Jer.7.26,הוער,281,1B5,1063,747,yes
C0004962,השבי,Exod.12.29,בהיש,317,225,1135,7A7,yes
C0004975,השחד,Deut.16.19,דהחש,317,225,1135,7A7,yes
C0004977,השחי,Job.18.1,החיש,323,22B,1147,7B7,yes
C0004986,השיב,1Sam.25.39,בהיש,317,225,1135,7A7,yes
C0005019,השקט,Ezek.16.49,הטקש,414,2A6,1329,929,yes
C0005075,ואיד,Job.18.12,אדוי,21,19,543,393,yes
C0005078,ואיי,Esth.10.1,אויי,27,23,555,3A3,yes
C0005082,ואיש,1Kgs.20.35,אויש,317,225,1135,7A7,yes
C0005119,ואפר,Dan.9.3,אופר,287,1BB,1075,757,yes
C0005144,ואשד,Num.21.15,אדוש,311,21B,1123,797,yes
C0005156,ובאו,1Chr.16.29,אבוו,15,13,531,383,yes
C0005165,ובגד,Gen.28.20,בגדו,15,13,531,383,yes
C0005166,ובגי,Josh.19.27,בגוי,21,19,543,393,yes
C0005172,ובוא,2Chr.18.29,אבוו,15,13,531,383,yes
C0005173,ובוז,Job.31.34,בווז,21,19,543,393,yes
C0005187,ובכה,1Sam.1.10,בהוכ,33,29,567,3B3,yes
C0005217,ובקי,1Chr.5.31,בויק,118,9A,737,515,yes
C0005218,ובקע,Ps.141.7,בועק,178,12A,857,5B5,yes
C0005220,ובקש,1Sam.20.16,בוקש,408,2A0,1317,919,yes
C0005235,ובתו,1Chr.7.24,בוות,414,2A6,1329,929,yes
C0005251,וגחי,Mic.4.10,גוחי,27,23,555,3A3,yes
C0005274,ודבק,Gen.2.24,בדוק,112,94,725,505,yes
C0005328,והוד,1Chr.7.37,דהוו,21,19,543,393,yes
C0005329,והוי,Jer.22.18,הווי,27,23,555,3A3,yes
C0005343,והיו,1Chr.9.26,הווי,27,23,555,3A3,yes
C0005389,והרע,1Chr.21.17,הוער,281,1B5,1063,747,yes
C0005391,והרק,Ps.35.3,הוקר,311,21B,1123,797,yes
C0005397,וזאת,1Kgs.3.22,אוזת,414,2A6,1329,929,yes
C0005402,וזזא,1Chr.2.33,אוזז,21,19,543,393,yes
C0005420,וזרת,1Sam.17.4,וזרת,613,431,1727,BBB,yes
C0005424,וחגי,Gen.46.16,גוחי,27,23,555,3A3,yes
C0005441,וחיק,Ezek.43.13,וחיק,124,A4,749,525,yes
C0005453,וחלת,Exod.29.2,וחלת,444,310,1389,979,yes
C0005476,וחקי,2Chr.7.17,וחיק,124,A4,749,525,yes
C0005489,וחשק,Exod.38.28,וחקש,414,2A6,1329,929,yes
C0005490,וחשש,Isa.5.24,וחשש,614,432,1729,1001,yes
C0005492,וחתו,Isa.8.9,ווחת,420,2B0,1341,939,yes
C0005517,ויבט,1Chr.21.21,בוטי,27,23,555,3A3,yes
C0005530,וידא,2Kgs.17.21,אדוי,21,19,543,393,yes
C0005541,וידת,1Kgs.10.19,דוית,420,2B0,1341,939,yes
C0005550,ויזד,Gen.25.29,דוזי,27,23,555,3A3,yes
C0005563,ויטב,1Kgs.21.7,בוטי,27,23,555,3A3,yes
C0005591,וימת,1Chr.1.44,וימת,456,320,1413,999,yes
C0005594,וינע,Isa.7.2,וינע,136,B4,773,545,yes
C0005623,ויצו,1Chr.22.17,וויצ,112,94,725,505,yes
C0005624,ויצל,1Sam.7.3,וילצ,136,B4,773,545,yes
C0005632,ויקב,2Kgs.12.10,בויק,118,9A,737,515,yes
C0005635,ויקח,1Chr.2.19,וחיק,124,A4,749,525,yes
C0005654,וישא,1Chr.21.16,אויש,317,225,1135,7A7,yes
C0005667,ויתד,Deut.23.14,דוית,420,2B0,1341,939,yes
C0005706,וכנס,Isa.30.17,וכנס,136,B4,773,545,yes
C0005741,ולבת,Ezek.44.25,בולת,438,306,1377,969,yes
C0005775,ולעו,Obad.1.16,וולע,112,94,725,505,yes
C0005802,ומדת,Ps.39.5,דומת,450,316,1401,989,yes
C0005837,ומסל,Lev.8.26,ולמס,136,B4,773,545,yes
C0005847,ומפי,Isa.48.3,וימפ,136,B4,773,545,yes
C0005853,ומקח,2Chr.19.7,וחמק,154,10A,809,575,yes
C0005871,ומתי,Gen.19.19,וימת,456,320,1413,999,yes
C0005897,ונות,Ps.68.13,וונת,462,326,1425,9A9,yes
C0005919,ונסב,2Chr.14.6,בונס,118,9A,737,515,yes
C0005928,ונעש,Jer.35.10,ונעש,426,2B6,1353,949,yes
C0005930,ונפל,2Sam.3.29,ולנפ,166,11A,833,595,yes
C0005939,ונקד,Gen.30.32,דונק,160,114,821,585,yes
C0005942,ונקי,Exod.23.7,וינק,166,11A,833,595,yes
C0005946,ונרא,Isa.41.23,אונר,257,195,1015,707,yes
C0005955,ונשק,1Kgs.10.25,ונקש,456,320,1413,999,yes
C0005965,וסגר,Ezek.46.12,גוסר,269,1A5,1039,727,yes
C0005979,וסעו,Deut.1.7,ווסע,142,BA,785,555,yes
C0006021,ועלו,2Sam.15.30,וולע,112,94,725,505,yes
C0006035,ועני,1Chr.15.18,וינע,136,B4,773,545,yes
C0006051,וערה,Isa.32.11,הוער,281,1B5,1063,747,yes
C0006085,ופנו,Lev.14.36,וונפ,142,BA,785,555,yes
C0006087,ופסח,2Sam.5.8,וחספ,154,10A,809,575,yes
C0006108,ופשע,1Sam.24.12,ועפש,456,320,1413,999,yes
C0006148,וקבע,Prov.22.23,בועק,178,12A,857,5B5,yes
C0006159,וקול,1Sam.15.14,וולק,142,BA,785,555,yes
C0006164,וקחי,Jer.46.11,וחיק,124,A4,749,525,yes
C0006173,וקלו,Hab.1.8,וולק,142,BA,785,555,yes
C0006175,וקלל,Isa.8.21,וללק,166,11A,833,595,yes
C0006180,וקמח,2Sam.17.28,וחמק,154,10A,809,575,yes
C0006243,ורעה,1Sam.25.28,הוער,281,1B5,1063,747,yes
C0006249,ורפא,1Chr.8.2,אופר,287,1BB,1075,757,yes
C0006266,ושאי,Ezek.16.52,אויש,317,225,1135,7A7,yes
C0006273,ושבט,Jer.51.19,בוטש,317,225,1135,7A7,yes
C0006291,ושחט,Isa.22.13,וחטש,323,22B,1147,7B7,yes
C0006292,ושחק,Prov.29.9,וחקש,414,2A6,1329,929,yes
C0006297,ושיא,2Sam.20.25,אויש,317,225,1135,7A7,yes
C0006362,ותאר,Josh.15.9,אורת,607,427,1715,BAB,yes
C0006367,ותבל,1Chr.1.5,בולת,438,306,1377,969,yes
C0006375,ותדד,Gen.31.40,דדות,414,2A6,1329,929,yes
C0006387,ותחל,Jer.51.29,וחלת,444,310,1389,979,yes
C0006395,ותכל,2Sam.13.39,וכלת,456,320,1413,999,yes
C0006402,ותלח,1Chr.7.25,וחלת,444,310,1389,979,yes
C0006409,ותנו,1Kgs.3.25,וונת,462,326,1425,9A9,yes
C0006413,ותסב,1Kgs.2.15,בוסת,468,330,1437,9B9,yes
C0006445,ותרא,1Chr.15.29,אורת,607,427,1715,BAB,yes
C0006471,זבחי,1Sam.10.8,בזחי,27,23,555,3A3,yes
C0006480,זובו,Lev.15.2,בווז,21,19,543,393,yes
C0006505,זמיר,Isa.25.5,זימר,257,195,1015,707,yes
C0006510,זמרי,1Chr.2.6,זימר,257,195,1015,707,yes
C0006521,זנתה,Ezek.23.19,הזנת,462,326,1425,9A9,yes
C0006523,זעיר,Isa.28.10,זיער,287,1BB,1075,757,yes
C0006532,זעקת,Ezek.27.28,זעקת,577,401,1655,B5B,yes
C0006542,זרות,Prov.22.14,וזרת,613,431,1727,BBB,yes
C0006551,זרעי,1Sam.20.42,זיער,287,1BB,1075,757,yes
C0006556,זתוא,Ezra.2.8,אוזת,414,2A6,1329,929,yes
C0006586,חדקל,Dan.10.4,דחלק,142,BA,785,555,yes
C0006589,חדשה,1Chr.13.7,דהחש,317,225,1135,7A7,yes
C0006593,חובה,Gen.14.15,בהוח,21,19,543,393,yes
C0006606,חולת,Song.2.5,וחלת,444,310,1389,979,yes
C0006644,חטוש,1Chr.3.22,וחטש,323,22B,1147,7B7,yes
C0006649,חידה,Ezek.17.2,דהחי,27,23,555,3A3,yes
C0006651,חייה,Prov.31.12,החיי,33,29,567,3B3,yes
C0006663,חיקו,Deut.28.54,וחיק,124,A4,749,525,yes
C0006669,חישה,Ps.71.12,החיש,323,22B,1147,7B7,yes
C0006677,חכמת,1Kgs.3.28,חכמת,468,330,1437,9B9,yes
C0006691,חלות,Lev.2.4,וחלת,444,310,1389,979,yes
C0006699,חללת,Ezek.22.8,חללת,468,330,1437,9B9,yes
C0006703,חלפו,Isa.24.5,וחלפ,124,A4,749,525,yes
C0006711,חלקי,1Sam.17.40,חילק,148,104,797,565,yes
C0006732,חמסי,Gen.16.5,חימס,118,9A,737,515,yes
C0006751,חנית,1Chr.11.23,חינת,468,330,1437,9B9,yes
C0006756,חנני,1Chr.25.4,חיננ,118,9A,737,515,yes
C0006773,חפני,1Sam.1.3,חינפ,148,104,797,565,yes
C0006780,חפרה,Jer.50.12,החפר,293,205,1087,767,yes
C0006803,חקיו,2Kgs.17.15,וחיק,124,A4,749,525,yes
C0006823,חרות,Exod.32.16,וחרת,614,432,1729,1001,yes
C0006833,חרנה,Gen.27.43,החנר,263,19B,1027,717,yes
C0006835,חרפה,1Sam.11.2,החפר,293,205,1087,767,yes
C0006865,חתול,Ezek.30.21,וחלת,444,310,1389,979,yes
C0006888,טהרת,1Chr.23.28,הטרת,614,432,1729,1001,yes
C0006891,טובי,Exod.33.19,בוטי,27,23,555,3A3,yes
C0006906,טמאת,Ezek.5.11,אטמת,450,316,1401,989,yes
C0006911,טעמה,Prov.31.18,הטמע,124,A4,749,525,yes
C0006925,טרפי,Ezek.17.9,טיפר,299,20B,1099,777,yes
C0006980,יבלע,2Sam.17.16,בילע,112,94,725,505,yes
C0006988,יבעל,Isa.62.5,בילע,112,94,725,505,yes
C0006990,יבצע,Isa.10.12,ביעצ,172,124,845,5A5,yes
C0006998,יבשה,1Sam.31.12,בהיש,317,225,1135,7A7,yes
C0007013,יגיד,1Kgs.14.3,גדיי,27,23,555,3A3,yes
C0007036,יגרת,Deut.28.60,גירת,613,431,1727,BBB,yes
C0007045,ידות,2Sam.19.44,דוית,420,2B0,1341,939,yes
C0007046,ידחה,Prov.14.32,דהחי,27,23,555,3A3,yes
C0007090,יהרס,Jer.31.40,היסר,275,1AB,1051,737,yes
C0007095,יואש,1Chr.3.11,אויש,317,225,1135,7A7,yes
C0007113,יומת,1Kgs.2.24,וימת,456,320,1413,999,yes
C0007116,יונק,1Sam.15.3,וינק,166,11A,833,595,yes
C0007141,יזבח,Hab.1.16,בזחי,27,23,555,3A3,yes
C0007150,יזמר,Isa.5.6,זימר,257,195,1015,707,yes
C0007160,יזרע,Deut.21.4,זיער,287,1BB,1075,757,yes
C0007161,יזרק,Isa.28.25,זיקר,317,225,1135,7A7,yes
C0007178,יחיה,1Chr.11.8,החיי,33,29,567,3B3,yes
C0007189,יחלק,1Kgs.16.21,חילק,148,104,797,565,yes
C0007193,יחמס,Job.15.33,חימס,118,9A,737,515,yes
C0007253,יכאב,Job.14.22,אביכ,33,29,567,3B3,yes
C0007291,יכתב,Esth.3.9,ביכת,432,300,1365,959,yes
C0007300,ילדת,1Sam.4.20,דילת,444,310,1389,979,yes
C0007324,ימות,1Sam.14.39,וימת,456,320,1413,999,yes
C0007360,ימתו,2Sam.18.3,וימת,456,320,1413,999,yes
C0007374,ינוע,Amos.9.9,וינע,136,B4,773,545,yes
C0007447,יעזר,2Sam.24.5,זיער,287,1BB,1075,757,yes
C0007462,יעמד,1Sam.16.22,דימע,124,A4,749,525,yes
C0007466,יענו,1Sam.21.12,וינע,136,B4,773,545,yes
C0007470,יעפו,Hab.1.8,ויעפ,166,11A,833,595,yes
C0007471,יעצב,1Sam.20.3,ביעצ,172,124,845,5A5,yes
C0007542,יצהר,1Chr.5.28,היצר,305,215,1111,787,yes
C0007551,יציב,Josh.6.26,בייצ,112,94,725,505,yes
C0007559,יצמח,1Chr.19.5,חימצ,148,104,797,565,yes
C0007566,יצרה,Isa.45.18,היצר,305,215,1111,787,yes
C0007575,יקדש,1Sam.21.6,דיקש,414,2A6,1329,929,yes
C0007584,יקחו,1Kgs.10.28,וחיק,124,A4,749,525,yes
C0007597,יקנו,Jer.32.15,וינק,166,11A,833,595,yes
C0007600,יקרא,1Kgs.8.43,איקר,311,21B,1123,797,yes
C0007626,ירדת,1Sam.17.28,דירת,614,432,1729,1001,yes
C0007669,ירצה,Job.14.6,היצר,305,215,1111,787,yes
C0007681,ישאו,Exod.28.43,אויש,317,225,1135,7A7,yes
C0007686,ישבה,Lam.1.1,בהיש,317,225,1135,7A7,yes
C0007711,ישיג,Lev.26.5,גייש,323,22B,1147,7B7,yes
C0007715,ישיק,Isa.44.15,ייקש,420,2B0,1341,939,yes
C0007731,ישמע,1Sam.1.13,ימעש,420,2B0,1341,939,yes
C0007766,יתמו,Jer.14.15,וימת,456,320,1413,999,yes
C0007783,כאבי,Jer.15.18,אביכ,33,29,567,3B3,yes
C0007792,כאחד,1Sam.17.36,אדחכ,33,29,567,3B3,yes
C0007814,כבאי,Gen.44.30,אביכ,33,29,567,3B3,yes
C0007828,כבית,1Kgs.16.3,ביכת,432,300,1365,959,yes
C0007942,כילק,Jer.51.14,יכלק,160,114,821,585,yes
C0007974,כלות,2Chr.29.34,וכלת,456,320,1413,999,yes
C0007991,כלתו,1Chr.2.4,וכלת,456,320,1413,999,yes
C0008003,כמטר,Deut.32.2,טכמר,269,1A5,1039,727,yes
C0008023,כנהר,Isa.48.18,הכנר,275,1AB,1051,737,yes
C0008025,כנוס,Eccl.3.5,וכנס,136,B4,773,545,yes
C0008036,כנפי,1Kgs.6.27,יכנפ,160,114,821,585,yes
C0008039,כנפש,1Kgs.19.2,כנפש,450,316,1401,989,yes
C0008066,כספו,Exod.21.21,וכספ,166,11A,833,595,yes
C0008102,כפול,Exod.28.16,וכלפ,136,B4,773,545,yes
C0008116,כפרה,Hos.4.16,הכפר,305,215,1111,787,yes
C0008149,כרגע,Num.16.21,גכער,293,205,1087,767,yes
C0008176,כשבא,Eccl.5.14,אבכש,323,22B,1147,7B7,yes
C0008202,כשסע,Judg.14.6,כסעש,450,316,1401,989,yes
C0008266,לאפר,Ezek.28.18,אלפר,311,21B,1123,797,yes
C0008294,לבדק,2Kgs.12.8,בדלק,136,B4,773,545,yes
C0008299,לבות,Prov.15.11,בולת,438,306,1377,969,yes
C0008324,לבקש,1Chr.4.39,בלקש,432,300,1365,959,yes
C0008336,לבתו,1Kgs.9.16,בולת,438,306,1377,969,yes
C0008364,לדבק,Isa.41.7,בדלק,136,B4,773,545,yes
C0008390,להטת,Exod.23.2,הטלת,444,310,1389,979,yes
C0008408,להרע,Gen.31.7,הלער,305,215,1111,787,yes
C0008411,לוחת,Deut.9.9,וחלת,444,310,1389,979,yes
C0008418,לזאת,Exod.7.23,אזלת,438,306,1377,969,yes
C0008422,לזכר,Ezek.23.19,זכלר,257,195,1015,707,yes
C0008441,לחות,1Kgs.8.9,וחלת,444,310,1389,979,yes
C0008519,ליתד,Judg.5.26,דילת,444,310,1389,979,yes
C0008541,לכתו,1Kgs.16.31,וכלת,456,320,1413,999,yes
C0008572,למהר,1Chr.12.9,הלמר,275,1AB,1051,737,yes
C0008595,למפי,2Sam.16.4,ילמפ,160,114,821,585,yes
C0008607,לנבל,1Sam.25.34,בללנ,112,94,725,505,yes
C0008624,לנחל,2Chr.29.16,חללנ,118,9A,737,515,yes
C0008636,לנצח,1Chr.15.21,חלנצ,178,12A,857,5B5,yes
C0008668,לעול,Job.31.3,וללע,136,B4,773,545,yes
C0008674,לעזה,1Sam.6.17,הזלע,112,94,725,505,yes
C0008692,לעני,Eccl.6.8,ילנע,160,114,821,585,yes
C0008713,לפאר,Ezra.7.27,אלפר,311,21B,1123,797,yes
C0008720,לפיד,Job.12.5,דילפ,124,A4,749,525,yes
C0008725,לפסח,Job.29.15,חלספ,178,12A,857,5B5,yes
C0008763,לקוו,Lam.3.25,וולק,142,BA,785,555,yes
C0008765,לקול,1Sam.2.25,וללק,166,11A,833,595,yes
C0008769,לקחי,1Kgs.17.11,חילק,148,104,797,565,yes
C0008786,לקצר,Lev.19.9,לצקר,420,2B0,1341,939,yes
C0008798,לרגל,Gen.33.14,גללר,263,19B,1027,717,yes
C0008813,לרמה,Job.17.14,הלמר,275,1AB,1051,737,yes
C0008815,לרעה,2Chr.18.7,הלער,305,215,1111,787,yes
C0008820,לרפא,Hos.5.13,אלפר,311,21B,1123,797,yes
C0008830,לשבע,Exod.16.3,בלעש,402,296,1305,909,yes
C0008844,לשחק,Jer.48.26,חלקש,438,306,1377,969,yes
C0008938,מאמר,Esth.1.15,אממר,281,1B5,1063,747,yes
C0008983,מבלע,Lam.2.8,בלמע,142,BA,785,555,yes
C0008984,מבלק,Judg.11.25,בלמק,172,124,845,5A5,yes
C0008987,מבעל,2Kgs.4.42,בלמע,142,BA,785,555,yes
C0009038,מדות,Ezek.41.17,דומת,450,316,1401,989,yes
C0009109,מותי,2Sam.19.1,וימת,456,320,1413,999,yes
C0009123,מזער,Isa.10.25,זמער,317,225,1135,7A7,yes
C0009130,מזרע,1Kgs.11.14,זמער,317,225,1135,7A7,yes
C0009135,מחבת,Ezek.4.3,בחמת,450,316,1401,989,yes
C0009161,מחלק,Josh.19.51,חלמק,178,12A,857,5B5,yes
C0009164,מחמס,2Sam.22.3,חממס,148,104,797,565,yes
C0009174,מחסי,Jer.17.17,חימס,118,9A,737,515,yes
C0009178,מחצי,Josh.21.27,חימצ,148,104,797,565,yes
C0009192,מחתת,Num.16.17,חמתת,848,5A8,2197,1331,yes
C0009201,מטעה,Ezek.17.7,הטמע,124,A4,749,525,yes
C0009217,מידע,Ruth.2.1,דימע,124,A4,749,525,yes
C0009232,מישע,1Chr.2.42,ימעש,420,2B0,1341,939,yes
C0009255,מכמס,Ezra.2.27,כממס,160,114,821,585,yes
C0009273,מכתב,2Chr.21.12,בכמת,462,326,1425,9A9,yes
C0009325,ממזר,Deut.23.3,זממר,287,1BB,1075,757,yes
C0009332,ממלח,Exod.30.35,חלממ,118,9A,737,515,yes
C0009337,ממנו,1Chr.5.2,וממנ,136,B4,773,545,yes
C0009340,ממעי,2Sam.16.11,יממע,160,114,821,585,yes
C0009342,ממצב,Josh.4.3,בממצ,172,124,845,5A5,yes
C0009344,ממרא,Gen.13.18,אממר,281,1B5,1063,747,yes
C0009382,מנעו,Jer.5.25,ומנע,166,11A,833,595,yes
C0009395,מסבי,Ps.140.10,בימס,112,94,725,505,yes
C0009427,מעדי,Ezra.10.34,דימע,124,A4,749,525,yes
C0009442,מעטה,Ezek.21.20,הטמע,124,A4,749,525,yes
C0009444,מעיד,Deut.32.46,דימע,124,A4,749,525,yes
C0009452,מעכו,Ezek.23.3,וכמע,136,B4,773,545,yes
C0009459,מעמד,1Kgs.22.35,דממע,154,10A,809,575,yes
C0009461,מעמי,Esth.8.17,יממע,160,114,821,585,yes
C0009482,מעשי,2Chr.34.25,ימעש,420,2B0,1341,939,yes
C0009494,מפיו,1Sam.17.35,וימפ,136,B4,773,545,yes
C0009496,מפיל,2Kgs.6.5,ילמפ,160,114,821,585,yes
C0009501,מפלי,Job.41.15,ילמפ,160,114,821,585,yes
C0009513,מפרק,1Kgs.19.11,מפקר,420,2B0,1341,939,yes
C0009519,מצאה,Deut.22.27,אהמצ,136,B4,773,545,yes
C0009543,מציב,1Sam.15.12,בימצ,142,BA,785,555,yes
C0009549,מצלו,Ezek.31.12,ולמצ,166,11A,833,595,yes
C0009566,מקדש,1Chr.22.19,דמקש,444,310,1389,979,yes
C0009604,מקשי,2Sam.22.6,ימקש,450,316,1401,989,yes
C0009642,מרסה,Num.33.22,המסר,305,215,1111,787,yes
C0009652,מררי,1Chr.6.4,ימרר,450,316,1401,989,yes
C0009685,משזר,Exod.26.1,זמרש,547,397,1595,B0B,yes
C0009695,משיע,2Sam.22.42,ימעש,420,2B0,1341,939,yes
C0009713,משלת,Isa.63.19,למשת,770,542,2041,1221,yes
C0009719,משמע,1Chr.1.30,ממעש,450,316,1401,989,yes
C0009725,משעי,2Sam.22.3,ימעש,420,2B0,1341,939,yes
C0009746,מתחת,1Kgs.4.12,חמתת,848,5A8,2197,1331,yes
C0009747,מתיו,Deut.33.6,וימת,456,320,1413,999,yes
C0009772,נאור,Ps.76.5,אונר,257,195,1015,707,yes
C0009781,נאפה,Jer.3.8,אהנפ,136,B4,773,545,yes
C0009798,נבוס,Ps.44.6,בונס,118,9A,737,515,yes
C0009804,נבית,Gen.25.13,בינת,462,326,1425,9A9,yes
C0009846,נגרע,Exod.5.11,גנער,323,22B,1147,7B7,yes
C0009847,נגרש,Isa.57.20,גנרש,553,3A1,1607,B1B,yes
C0009852,נדבת,Deut.16.10,בדנת,456,320,1413,999,yes
C0009911,נופל,Job.14.18,ולנפ,166,11A,833,595,yes
C0009914,נוקש,Ps.9.17,ונקש,456,320,1413,999,yes
C0009915,נורא,Exod.15.11,אונר,257,195,1015,707,yes
C0009918,נושע,Deut.33.29,ונעש,426,2B6,1353,949,yes
C0009928,נזרו,Ezek.14.5,וזנר,263,19B,1027,717,yes
C0009940,נחית,Exod.15.13,חינת,468,330,1437,9B9,yes
C0009950,נחני,Gen.24.27,חיננ,118,9A,737,515,yes
C0009961,נחתי,Job.3.26,חינת,468,330,1437,9B9,yes
C0010041,נמשל,Ps.49.13,למנש,420,2B0,1341,939,yes
C0010044,ננוס,2Sam.18.3,וננס,166,11A,833,595,yes
C0010047,נסבו,Gen.19.4,בונס,118,9A,737,515,yes
C0010056,נסכו,2Kgs.16.13,וכנס,136,B4,773,545,yes
C0010058,נסנו,Isa.20.6,וננס,166,11A,833,595,yes
C0010081,נעלי,Ps.60.10,ילנע,160,114,821,585,yes
C0010086,נעמו,Ps.141.6,ומנע,166,11A,833,595,yes
C0010100,נעשו,Isa.46.10,ונעש,426,2B6,1353,949,yes
C0010104,נפול,Esth.6.13,ולנפ,166,11A,833,595,yes
C0010109,נפלו,1Chr.5.22,ולנפ,166,11A,833,595,yes
C0010129,נצבו,Exod.15.8,בונצ,148,104,797,565,yes
C0010169,נקרע,1Kgs.13.3,נעקר,420,2B0,1341,939,yes
C0010172,נראו,2Chr.9.11,אונר,257,195,1015,707,yes
C0010229,נשקו,Ps.2.12,ונקש,456,320,1413,999,yes
C0010237,נתיב,Job.18.10,בינת,462,326,1425,9A9,yes
C0010272,סגור,1Kgs.6.20,גוסר,269,1A5,1039,727,yes
C0010275,סגרו,2Chr.29.7,גוסר,269,1A5,1039,727,yes
C0010288,סוסי,Num.13.11,ויסס,136,B4,773,545,yes
C0010393,עגמה,Job.30.25,גהמע,118,9A,737,515,yes
C0010426,עולל,Jer.6.9,וללע,136,B4,773,545,yes
C0010432,עוני,1Kgs.17.18,וינע,136,B4,773,545,yes
C0010436,עופי,Jer.40.8,ויעפ,166,11A,833,595,yes
C0010438,עורה,Ps.44.24,הוער,281,1B5,1063,747,yes
C0010471,עזרי,1Chr.12.1,זיער,287,1BB,1075,757,yes
C0010478,עיבל,1Chr.1.22,בילע,112,94,725,505,yes
C0010487,עינו,2Sam.13.34,וינע,136,B4,773,545,yes
C0010494,עירא,1Chr.11.28,איער,281,1B5,1063,747,yes
C0010528,עמדי,1Sam.20.14,דימע,124,A4,749,525,yes
C0010549,עממי,Neh.9.24,יממע,160,114,821,585,yes
C0010550,עמנו,1Chr.19.13,ומנע,166,11A,833,595,yes
C0010561,עמשי,1Chr.6.10,ימעש,420,2B0,1341,939,yes
C0010567,ענוי,Amos.8.4,וינע,136,B4,773,545,yes
C0010568,ענוש,Exod.21.22,ונעש,426,2B6,1353,949,yes
C0010593,עצבי,1Chr.4.10,ביעצ,172,124,845,5A5,yes
C0010617,עקבו,Josh.8.13,בועק,178,12A,857,5B5,yes
C0010619,עקוב,Ezra.2.42,בועק,178,12A,857,5B5,yes
C0010622,עקרת,Ps.113.9,עקרת,770,542,2041,1221,yes
C0010631,ערוה,Exod.28.42,הוער,281,1B5,1063,747,yes
C0010644,ערלה,Gen.34.14,הלער,305,215,1111,787,yes
C0010671,עשנו,Exod.19.18,ונעש,426,2B6,1353,949,yes
C0010706,פגעת,Isa.64.4,געפת,553,3A1,1607,B1B,yes
C0010708,פגרי,Ezek.6.5,גיפר,293,205,1087,767,yes
C0010731,פזרו,Joel.4.2,וזפר,293,205,1087,767,yes
C0010747,פימו,Ps.17.10,וימפ,136,B4,773,545,yes
C0010755,פלדש,Gen.22.22,דלפש,414,2A6,1329,929,yes
C0010758,פלטה,Ezek.14.22,הטלפ,124,A4,749,525,yes
C0010812,פרזו,Hab.3.14,וזפר,293,205,1087,767,yes
C0010813,פרחה,Lev.13.20,החפר,293,205,1087,767,yes
C0010830,פרצת,Gen.38.29,פצרת,770,542,2041,1221,yes
C0010843,פשעו,1Kgs.8.50,ועפש,456,320,1413,999,yes
C0010881,צדני,Ezek.32.30,דינצ,154,10A,809,575,yes
C0010923,צירה,Prov.26.14,היצר,305,215,1111,787,yes
C0010928,צללי,Jer.6.4,יללצ,160,114,821,585,yes
C0010935,צמאה,Ps.42.3,אהמצ,136,B4,773,545,yes
C0010981,צרבת,Lev.13.23,בצרת,692,498,1885,1111,yes
C0010986,צריה,1Sam.4.19,היצר,305,215,1111,787,yes
C0010994,צרפת,Obad.1.20,פצרת,770,542,2041,1221,yes
C0011025,קדשי,1Kgs.7.51,דיקש,414,2A6,1329,929,yes
C0011030,קובע,1Sam.17.38,בועק,178,12A,857,5B5,yes
C0011035,קולו,2Sam.3.32,וולק,142,BA,785,555,yes
C0011049,קורה,2Kgs.6.2,הוקר,311,21B,1123,797,yes
C0011065,קינו,2Sam.21.16,וינק,166,11A,833,595,yes
C0011071,קישי,1Chr.6.29,ייקש,420,2B0,1341,939,yes
C0011109,קערת,Num.7.13,עקרת,770,542,2041,1221,yes
C0011113,קפצה,Job.5.16,הפצק,275,1AB,1051,737,yes
C0011128,קראי,Num.16.2,איקר,311,21B,1123,797,yes
C0011139,קרהו,Esth.4.7,הוקר,311,21B,1123,797,yes
C0011159,קרעת,2Kgs.5.8,עקרת,770,542,2041,1221,yes
C0011179,ראות,1Kgs.1.48,אורת,607,427,1715,BAB,yes
C0011186,ראנו,Isa.29.15,אונר,257,195,1015,707,yes
C0011207,רבצת,Deut.22.6,בצרת,692,498,1885,1111,yes
C0011209,רבתה,1Sam.14.30,בהרת,607,427,1715,BAB,yes
C0011256,רחות,Zech.6.5,וחרת,614,432,1729,1001,yes
C0011268,רטפש,Job.33.25,טפרש,589,411,1679,B7B,yes
C0011300,רננה,Job.3.7,הננר,305,215,1111,787,yes
C0011308,רעהו,1Kgs.20.35,הוער,281,1B5,1063,747,yes
C0011314,רעמא,1Chr.1.9,אמער,311,21B,1123,797,yes
C0011329,רפוא,Num.13.9,אופר,287,1BB,1075,757,yes
C0011342,רצפת,Esth.1.6,פצרת,770,542,2041,1221,yes
C0011362,רתחו,Job.30.27,וחרת,614,432,1729,1001,yes
C0011392,שבטו,Job.9.34,בוטש,317,225,1135,7A7,yes
C0011396,שביה,2Chr.28.5,בהיש,317,225,1135,7A7,yes
C0011426,שגבו,Job.5.11,בגוש,311,21B,1123,797,yes
C0011427,שגגה,Eccl.5.5,גגהש,311,21B,1123,797,yes
C0011428,שגוב,1Chr.2.21,בגוש,311,21B,1123,797,yes
C0011454,שובק,Neh.10.25,בוקש,408,2A0,1317,919,yes
C0011457,שוחט,Isa.66.3,וחטש,323,22B,1147,7B7,yes
C0011491,שחוט,1Kgs.10.16,וחטש,323,22B,1147,7B7,yes
C0011492,שחוק,Job.8.21,וחקש,414,2A6,1329,929,yes
C0011495,שחטו,2Kgs.25.7,וחטש,323,22B,1147,7B7,yes
C0011500,שחקו,Job.14.19,וחקש,414,2A6,1329,929,yes
C0011508,שטוב,Eccl.2.26,בוטש,317,225,1135,7A7,yes
C0011509,שטוח,Num.11.32,וחטש,323,22B,1147,7B7,yes
C0011515,שיאו,Job.20.6,אויש,317,225,1135,7A7,yes
C0011517,שיבה,Deut.32.25,בהיש,317,225,1135,7A7,yes
C0011521,שיחה,Jer.18.22,החיש,323,22B,1147,7B7,yes
C0011568,שכנת,Ps.74.2,כנשת,770,542,2041,1221,yes
C0011603,שלמת,Exod.22.25,למשת,770,542,2041,1221,yes
C0011605,שלפי,Judg.20.25,ילפש,420,2B0,1341,939,yes
C0011635,שמלת,Deut.21.13,למשת,770,542,2041,1221,yes
C0011645,שמעי,1Chr.4.26,ימעש,420,2B0,1341,939,yes
C0011714,שפמו,2Sam.19.25,ומפש,426,2B6,1353,949,yes
C0011724,שקדי,Isa.29.20,דיקש,414,2A6,1329,929,yes
C0011727,שקטה,2Chr.13.23,הטקש,414,2A6,1329,929,yes
C0011774,תאבה,1Kgs.20.8,אבהת,408,2A0,1317,919,yes
C0011778,תאהב,2Chr.19.2,אבהת,408,2A0,1317,919,yes
C0011793,תאנה,Gen.3.7,אהנת,456,320,1413,999,yes
C0011802,תארו,1Sam.28.14,אורת,607,427,1715,BAB,yes
C0011814,תבוס,Prov.27.7,בוסת,468,330,1437,9B9,yes
C0011818,תבזה,Ps.51.19,בהזת,414,2A6,1329,929,yes
C0011827,תבכי,1Sam.1.8,ביכת,432,300,1365,959,yes
C0011829,תבלל,Lev.21.20,בללת,462,326,1425,9A9,yes
C0011833,תבני,1Kgs.16.21,בינת,462,326,1425,9A9,yes
C0011838,תבצר,Deut.24.21,בצרת,692,498,1885,1111,yes
C0011856,תגלה,Exod.20.26,גהלת,438,306,1377,969,yes
C0011874,תדמו,Jer.51.6,דומת,450,316,1401,989,yes
C0011886,תהגו,Isa.16.7,גהות,414,2A6,1329,929,yes
C0011889,תהיה,1Chr.11.2,ההית,420,2B0,1341,939,yes
C0011903,תובל,Gen.4.22,בולת,438,306,1377,969,yes
C0011904,תוגה,Prov.14.13,גהות,414,2A6,1329,929,yes
C0011910,תוחל,1Sam.10.8,וחלת,444,310,1389,979,yes
C0011911,תוכו,Lev.11.33,ווכת,432,300,1365,959,yes
C0011914,תוכל,1Kgs.22.22,וכלת,456,320,1413,999,yes
C0011921,תונו,Lev.19.33,וונת,462,326,1425,9A9,yes
C0011930,תורא,Ps.130.4,אורת,607,427,1715,BAB,yes
C0011946,תזכה,Ps.51.6,הזכת,432,300,1365,959,yes
C0011950,תזנה,Amos.7.17,הזנת,462,326,1425,9A9,yes
C0011953,תזעק,Hab.2.11,זעקת,577,401,1655,B5B,yes
C0011967,תחזה,Exod.18.21,הזחת,420,2B0,1341,939,yes
C0011977,תחלו,Ezek.9.6,וחלת,444,310,1389,979,yes
C0011978,תחלל,Lev.18.21,חללת,468,330,1437,9B9,yes
C0012006,תטהר,Lev.15.28,הטרת,614,432,1729,1001,yes
C0012009,תטמא,Deut.21.23,אטמת,450,316,1401,989,yes
C0012023,תכבד,Exod.5.9,בדכת,426,2B6,1353,949,yes
C0012030,תכחד,1Sam.3.17,דחכת,432,300,1365,959,yes
C0012054,תלדי,Gen.3.16,דילת,444,310,1389,979,yes
C0012057,תלהט,Job.41.13,הטלת,444,310,1389,979,yes
C0012066,תלכו,2Kgs.2.18,וכלת,456,320,1413,999,yes
C0012074,תמדו,Ezek.47.18,דומת,450,316,1401,989,yes
C0012078,תמוד,Ezek.45.3,דומת,450,316,1401,989,yes
C0012112,תמשל,Gen.4.7,למשת,770,542,2041,1221,yes
C0012146,תסבו,Josh.6.4,בוסת,468,330,1437,9B9,yes
C0012148,תסוב,Hab.2.16,בוסת,468,330,1437,9B9,yes
C0012191,תעקר,Josh.11.6,עקרת,770,542,2041,1221,yes
C0012203,תפגע,Exod.23.4,געפת,553,3A1,1607,B1B,yes
C0012284,תראו,1Sam.21.15,אורת,607,427,1715,BAB,yes
C0012286,תרבה,Deut.7.22,בהרת,607,427,1715,BAB,yes
C0012299,תריד,Gen.27.40,דירת,614,432,1729,1001,yes
